material,temperature_K,seed,site,parent_heavy_ids_zero_based,exit_frame,operation
DAP-2,1666,26083101,0,0;2;4;5;6;13;14;15,722,H-:N
DAP-2,1666,26083101,1,22;24;26;27;28;35;36;37,270,H-:N
DAP-2,1666,26083101,2,44;46;48;49;50;57;58;59,2668,break:C-C_bridge
DAP-2,1666,26083101,3,66;68;70;71;72;79;80;81,960,H-:C
DAP-2,1666,26083101,4,88;90;92;93;94;101;102;103,2628,break:C-N_bridge
DAP-2,1666,26083101,5,110;112;114;115;116;123;124;125,2390,break:C-N_bridge
DAP-2,1666,26083101,6,132;134;136;137;138;145;146;147,124,H-:N
DAP-2,1666,26083101,7,154;156;158;159;160;167;168;169,2414,H-:N
DAP-2,1666,26083101,8,304;306;308;309;310;317;318;319,3200,H-:N
DAP-2,1666,26083101,9,326;328;330;331;332;339;340;341,1108,H-:N
DAP-2,1666,26083101,10,348;350;352;353;354;361;362;363,2680,H-:N
DAP-2,1666,26083101,11,370;372;374;375;376;383;384;385,1567,H-:N;break:C-C_bridge
DAP-2,1666,26083101,12,392;394;396;397;398;405;406;407,1937,H-:C
DAP-2,1666,26083101,13,414;416;418;419;420;427;428;429,1532,break:C-N_bridge
DAP-2,1666,26083101,14,436;438;440;441;442;449;450;451,2250,H-:N
DAP-2,1666,26083101,15,458;460;462;463;464;471;472;473,2355,H-:N
DAP-2,1666,26083101,16,608;610;612;613;614;621;622;623,3000,H-:N
DAP-2,1666,26083101,17,630;632;634;635;636;643;644;645,860,H-:N
DAP-2,1666,26083101,18,652;654;656;657;658;665;666;667,545,H-:N
DAP-2,1666,26083101,19,674;676;678;679;680;687;688;689,2554,H-:C
DAP-2,1666,26083101,20,696;698;700;701;702;709;710;711,1813,H-:C
DAP-2,1666,26083101,21,718;720;722;723;724;731;732;733,739,H-:N
DAP-2,1666,26083101,22,740;742;744;745;746;753;754;755,858,H-:C
DAP-2,1666,26083101,23,762;764;766;767;768;775;776;777,2317,H-:N
DAP-2,1666,26083101,24,912;914;916;917;918;925;926;927,3111,H-:C
DAP-2,1666,26083101,25,934;936;938;939;940;947;948;949,748,H-:C
DAP-2,1666,26083101,26,956;958;960;961;962;969;970;971,1190,H-:C
DAP-2,1666,26083101,27,978;980;982;983;984;991;992;993,1156,break:C-N_bridge
DAP-2,1666,26083101,28,1000;1002;1004;1005;1006;1013;1014;1015,1718,H-:C
DAP-2,1666,26083101,29,1022;1024;1026;1027;1028;1035;1036;1037,2647,H-:C
DAP-2,1666,26083101,30,1044;1046;1048;1049;1050;1057;1058;1059,2978,H-:N
DAP-2,1666,26083101,31,1066;1068;1070;1071;1072;1079;1080;1081,2265,H-:N
DAP-2,1666,26083101,32,1216;1218;1220;1221;1222;1229;1230;1231,1915,H-:C;break:C-N_bridge
DAP-2,1666,26083101,33,1238;1240;1242;1243;1244;1251;1252;1253,1330,break:C-N_bridge
DAP-2,1666,26083101,34,1260;1262;1264;1265;1266;1273;1274;1275,620,H-:N
DAP-2,1666,26083101,35,1282;1284;1286;1287;1288;1295;1296;1297,2556,H-:C
DAP-2,1666,26083101,36,1304;1306;1308;1309;1310;1317;1318;1319,2044,H-:N
DAP-2,1666,26083101,37,1326;1328;1330;1331;1332;1339;1340;1341,1661,H-:C
DAP-2,1666,26083101,38,1348;1350;1352;1353;1354;1361;1362;1363,2728,H-:C
DAP-2,1666,26083101,39,1370;1372;1374;1375;1376;1383;1384;1385,1545,break:C-N_bridge
DAP-2,1666,26083101,40,1520;1522;1524;1525;1526;1533;1534;1535,1633,H-:C
DAP-2,1666,26083101,41,1542;1544;1546;1547;1548;1555;1556;1557,996,H-:N
DAP-2,1666,26083101,42,1564;1566;1568;1569;1570;1577;1578;1579,946,H-:C
DAP-2,1666,26083101,43,1586;1588;1590;1591;1592;1599;1600;1601,127,H-:N
DAP-2,1666,26083101,44,1608;1610;1612;1613;1614;1621;1622;1623,766,break:C-N_bridge
DAP-2,1666,26083101,45,1630;1632;1634;1635;1636;1643;1644;1645,1949,H-:C;break:C-N_bridge
DAP-2,1666,26083101,46,1652;1654;1656;1657;1658;1665;1666;1667,869,H-:N
DAP-2,1666,26083101,47,1674;1676;1678;1679;1680;1687;1688;1689,2191,H-:C
DAP-2,1666,26083101,48,1824;1826;1828;1829;1830;1837;1838;1839,1710,external:O1
DAP-2,1666,26083101,49,1846;1848;1850;1851;1852;1859;1860;1861,805,H-:C
DAP-2,1666,26083101,50,1868;1870;1872;1873;1874;1881;1882;1883,781,H-:C
DAP-2,1666,26083101,51,1890;1892;1894;1895;1896;1903;1904;1905,1005,H-:C
DAP-2,1666,26083101,52,1912;1914;1916;1917;1918;1925;1926;1927,743,H-:N
DAP-2,1666,26083101,53,1934;1936;1938;1939;1940;1947;1948;1949,1036,"H-:C,N"
DAP-2,1666,26083101,54,1956;1958;1960;1961;1962;1969;1970;1971,857,H-:C
DAP-2,1666,26083101,55,1978;1980;1982;1983;1984;1991;1992;1993,640,H-:N
DAP-2,1666,26083101,56,2128;2130;2132;2133;2134;2141;2142;2143,682,"break:C-N_bridge,C-N_bridge"
DAP-2,1666,26083101,57,2150;2152;2154;2155;2156;2163;2164;2165,392,H-:N
DAP-2,1666,26083101,58,2172;2174;2176;2177;2178;2185;2186;2187,1700,H-:C
DAP-2,1666,26083101,59,2194;2196;2198;2199;2200;2207;2208;2209,1055,"H-:C,N"
DAP-2,1666,26083101,60,2216;2218;2220;2221;2222;2229;2230;2231,474,H-:C
DAP-2,1666,26083101,61,2238;2240;2242;2243;2244;2251;2252;2253,1072,break:C-N_bridge
DAP-2,1666,26083101,62,2260;2262;2264;2265;2266;2273;2274;2275,669,"H-:C,N"
DAP-2,1666,26083101,63,2282;2284;2286;2287;2288;2295;2296;2297,774,H-:C
DAP-2,1666,26083101,64,2432;2434;2436;2437;2438;2445;2446;2447,1749,H-:N
DAP-2,1666,26083101,65,2454;2456;2458;2459;2460;2467;2468;2469,1594,H-:N
DAP-2,1666,26083101,66,2476;2478;2480;2481;2482;2489;2490;2491,3284,H-:N
DAP-2,1666,26083101,67,2498;2500;2502;2503;2504;2511;2512;2513,2052,H-:N
DAP-2,1666,26083101,68,2520;2522;2524;2525;2526;2533;2534;2535,4337,H-:N
DAP-2,1666,26083101,69,2542;2544;2546;2547;2548;2555;2556;2557,2935,H-:N
DAP-2,1666,26083101,70,2564;2566;2568;2569;2570;2577;2578;2579,933,H-:N
DAP-2,1666,26083101,71,2586;2588;2590;2591;2592;2599;2600;2601,2824,"H-:C,N"
DAP-2,1666,26083101,72,2736;2738;2740;2741;2742;2749;2750;2751,527,H-:N
DAP-2,1666,26083101,73,2758;2760;2762;2763;2764;2771;2772;2773,511,break:C-N_bridge
DAP-2,1666,26083101,74,2780;2782;2784;2785;2786;2793;2794;2795,1146,H-:C
DAP-2,1666,26083101,75,2802;2804;2806;2807;2808;2815;2816;2817,1806,H-:N
DAP-2,1666,26083101,76,2824;2826;2828;2829;2830;2837;2838;2839,1704,H-:N
DAP-2,1666,26083101,77,2846;2848;2850;2851;2852;2859;2860;2861,2120,H-:N
DAP-2,1666,26083101,78,2868;2870;2872;2873;2874;2881;2882;2883,1853,H-:N
DAP-2,1666,26083101,79,2890;2892;2894;2895;2896;2903;2904;2905,2487,H-:C
DAP-2,1666,26083101,80,3040;3042;3044;3045;3046;3053;3054;3055,89,H-:N
DAP-2,1666,26083101,81,3062;3064;3066;3067;3068;3075;3076;3077,585,break:C-C_bridge
DAP-2,1666,26083101,82,3084;3086;3088;3089;3090;3097;3098;3099,2304,H-:C
DAP-2,1666,26083101,83,3106;3108;3110;3111;3112;3119;3120;3121,344,H-:C
DAP-2,1666,26083101,84,3128;3130;3132;3133;3134;3141;3142;3143,1871,H-:C
DAP-2,1666,26083101,85,3150;3152;3154;3155;3156;3163;3164;3165,700,H-:N
DAP-2,1666,26083101,86,3172;3174;3176;3177;3178;3185;3186;3187,1378,H-:N
DAP-2,1666,26083101,87,3194;3196;3198;3199;3200;3207;3208;3209,1770,H-:N
DAP-2,1666,26083101,88,3344;3346;3348;3349;3350;3357;3358;3359,1944,H-:N
DAP-2,1666,26083101,89,3366;3368;3370;3371;3372;3379;3380;3381,458,H-:N
DAP-2,1666,26083101,90,3388;3390;3392;3393;3394;3401;3402;3403,1988,H-:C
DAP-2,1666,26083101,91,3410;3412;3414;3415;3416;3423;3424;3425,4243,H-:C
DAP-2,1666,26083101,92,3432;3434;3436;3437;3438;3445;3446;3447,700,H-:C
DAP-2,1666,26083101,93,3454;3456;3458;3459;3460;3467;3468;3469,2568,"H-:C,N"
DAP-2,1666,26083101,94,3476;3478;3480;3481;3482;3489;3490;3491,1643,"H-:C,N"
DAP-2,1666,26083101,95,3498;3500;3502;3503;3504;3511;3512;3513,537,H-:C
DAP-2,1666,26083101,96,3648;3650;3652;3653;3654;3661;3662;3663,3545,H-:N
DAP-2,1666,26083101,97,3670;3672;3674;3675;3676;3683;3684;3685,1359,break:C-N_bridge
DAP-2,1666,26083101,98,3692;3694;3696;3697;3698;3705;3706;3707,1640,H-:C;break:C-N_bridge
DAP-2,1666,26083101,99,3714;3716;3718;3719;3720;3727;3728;3729,2381,H-:C
DAP-2,1666,26083101,100,3736;3738;3740;3741;3742;3749;3750;3751,2879,H-:N
DAP-2,1666,26083101,101,3758;3760;3762;3763;3764;3771;3772;3773,2825,H-:N
DAP-2,1666,26083101,102,3780;3782;3784;3785;3786;3793;3794;3795,1724,H-:C
DAP-2,1666,26083101,103,3802;3804;3806;3807;3808;3815;3816;3817,1550,break:C-N_bridge
DAP-2,1666,26083101,104,3952;3954;3956;3957;3958;3965;3966;3967,181,H-:C
DAP-2,1666,26083101,105,3974;3976;3978;3979;3980;3987;3988;3989,1761,break:C-C_bridge
DAP-2,1666,26083101,106,3996;3998;4000;4001;4002;4009;4010;4011,2356,H-:N;break:C-N_bridge
DAP-2,1666,26083101,107,4018;4020;4022;4023;4024;4031;4032;4033,723,"H-:C,C;break:C-N_bridge"
DAP-2,1666,26083101,108,4040;4042;4044;4045;4046;4053;4054;4055,1080,H-:N
DAP-2,1666,26083101,109,4062;4064;4066;4067;4068;4075;4076;4077,311,H-:N
DAP-2,1666,26083101,110,4084;4086;4088;4089;4090;4097;4098;4099,2012,H-:N
DAP-2,1666,26083101,111,4106;4108;4110;4111;4112;4119;4120;4121,620,"H-:C,N"
DAP-2,1666,26083101,112,4256;4258;4260;4261;4262;4269;4270;4271,2577,H-:N
DAP-2,1666,26083101,113,4278;4280;4282;4283;4284;4291;4292;4293,2763,H-:C
DAP-2,1666,26083101,114,4300;4302;4304;4305;4306;4313;4314;4315,910,H-:C
DAP-2,1666,26083101,115,4322;4324;4326;4327;4328;4335;4336;4337,1661,H-:N;break:C-N_bridge
DAP-2,1666,26083101,116,4344;4346;4348;4349;4350;4357;4358;4359,1993,H-:C
DAP-2,1666,26083101,117,4366;4368;4370;4371;4372;4379;4380;4381,2188,"H-:C,N"
DAP-2,1666,26083101,118,4388;4390;4392;4393;4394;4401;4402;4403,853,H-:C
DAP-2,1666,26083101,119,4410;4412;4414;4415;4416;4423;4424;4425,2878,H-:C
DAP-2,1666,26083101,120,4560;4562;4564;4565;4566;4573;4574;4575,2364,H-:C
DAP-2,1666,26083101,121,4582;4584;4586;4587;4588;4595;4596;4597,2880,H-:N
DAP-2,1666,26083101,122,4604;4606;4608;4609;4610;4617;4618;4619,1510,H-:N
DAP-2,1666,26083101,123,4626;4628;4630;4631;4632;4639;4640;4641,2073,H-:N
DAP-2,1666,26083101,124,4648;4650;4652;4653;4654;4661;4662;4663,1606,H-:C
DAP-2,1666,26083101,125,4670;4672;4674;4675;4676;4683;4684;4685,1024,H-:N
DAP-2,1666,26083101,126,4692;4694;4696;4697;4698;4705;4706;4707,3473,H-:N
DAP-2,1666,26083101,127,4714;4716;4718;4719;4720;4727;4728;4729,2389,H-:N
DAP-2,1666,26083101,128,4864;4866;4868;4869;4870;4877;4878;4879,2330,"H-:C,N"
DAP-2,1666,26083101,129,4886;4888;4890;4891;4892;4899;4900;4901,2122,H-:N
DAP-2,1666,26083101,130,4908;4910;4912;4913;4914;4921;4922;4923,3308,H-:N
DAP-2,1666,26083101,131,4930;4932;4934;4935;4936;4943;4944;4945,702,H-:N
DAP-2,1666,26083101,132,4952;4954;4956;4957;4958;4965;4966;4967,1105,H-:C
DAP-2,1666,26083101,133,4974;4976;4978;4979;4980;4987;4988;4989,1769,H-:C
DAP-2,1666,26083101,134,4996;4998;5000;5001;5002;5009;5010;5011,613,"H-:C,N"
DAP-2,1666,26083101,135,5018;5020;5022;5023;5024;5031;5032;5033,2806,H-:C
DAP-2,1666,26083101,136,5168;5170;5172;5173;5174;5181;5182;5183,1966,H-:N
DAP-2,1666,26083101,137,5190;5192;5194;5195;5196;5203;5204;5205,374,break:C-N_bridge;external:O1
DAP-2,1666,26083101,138,5212;5214;5216;5217;5218;5225;5226;5227,712,H-:N
DAP-2,1666,26083101,139,5234;5236;5238;5239;5240;5247;5248;5249,958,H-:C
DAP-2,1666,26083101,140,5256;5258;5260;5261;5262;5269;5270;5271,1267,H-:C
DAP-2,1666,26083101,141,5278;5280;5282;5283;5284;5291;5292;5293,473,break:C-N_bridge
DAP-2,1666,26083101,142,5300;5302;5304;5305;5306;5313;5314;5315,789,break:C-N_bridge
DAP-2,1666,26083101,143,5322;5324;5326;5327;5328;5335;5336;5337,2051,H-:C
DAP-2,1666,26083101,144,5472;5474;5476;5477;5478;5485;5486;5487,430,H-:C
DAP-2,1666,26083101,145,5494;5496;5498;5499;5500;5507;5508;5509,2016,H-:N
DAP-2,1666,26083101,146,5516;5518;5520;5521;5522;5529;5530;5531,1594,H-:N
DAP-2,1666,26083101,147,5538;5540;5542;5543;5544;5551;5552;5553,497,H-:C
DAP-2,1666,26083101,148,5560;5562;5564;5565;5566;5573;5574;5575,522,H-:N
DAP-2,1666,26083101,149,5582;5584;5586;5587;5588;5595;5596;5597,31,"H-:C,N"
DAP-2,1666,26083101,150,5604;5606;5608;5609;5610;5617;5618;5619,54,"H-:C,N"
DAP-2,1666,26083101,151,5626;5628;5630;5631;5632;5639;5640;5641,379,H-:N;break:C-C_bridge
DAP-2,1666,26083101,152,5776;5778;5780;5781;5782;5789;5790;5791,2688,H-:C
DAP-2,1666,26083101,153,5798;5800;5802;5803;5804;5811;5812;5813,1732,H-:N
DAP-2,1666,26083101,154,5820;5822;5824;5825;5826;5833;5834;5835,792,H-:C
DAP-2,1666,26083101,155,5842;5844;5846;5847;5848;5855;5856;5857,1378,"break:C-C_bridge,C-N_bridge"
DAP-2,1666,26083101,156,5864;5866;5868;5869;5870;5877;5878;5879,1861,break:C-N_bridge
DAP-2,1666,26083101,157,5886;5888;5890;5891;5892;5899;5900;5901,1870,H-:N
DAP-2,1666,26083101,158,5908;5910;5912;5913;5914;5921;5922;5923,2128,H-:C
DAP-2,1666,26083101,159,5930;5932;5934;5935;5936;5943;5944;5945,666,break:C-N_bridge
DAP-2,1666,26083101,160,6080;6082;6084;6085;6086;6093;6094;6095,2116,H-:C
DAP-2,1666,26083101,161,6102;6104;6106;6107;6108;6115;6116;6117,347,H-:N
DAP-2,1666,26083101,162,6124;6126;6128;6129;6130;6137;6138;6139,2554,H-:N
DAP-2,1666,26083101,163,6146;6148;6150;6151;6152;6159;6160;6161,2401,H-:N
DAP-2,1666,26083101,164,6168;6170;6172;6173;6174;6181;6182;6183,1471,H-:N
DAP-2,1666,26083101,165,6190;6192;6194;6195;6196;6203;6204;6205,3039,H-:N
DAP-2,1666,26083101,166,6212;6214;6216;6217;6218;6225;6226;6227,2081,H-:N
DAP-2,1666,26083101,167,6234;6236;6238;6239;6240;6247;6248;6249,712,H-:C
DAP-2,1666,26083101,168,6384;6386;6388;6389;6390;6397;6398;6399,652,"H-:C,N"
DAP-2,1666,26083101,169,6406;6408;6410;6411;6412;6419;6420;6421,1055,H-:C
DAP-2,1666,26083101,170,6428;6430;6432;6433;6434;6441;6442;6443,125,H-:C
DAP-2,1666,26083101,171,6450;6452;6454;6455;6456;6463;6464;6465,467,H-:C
DAP-2,1666,26083101,172,6472;6474;6476;6477;6478;6485;6486;6487,892,H-:N
DAP-2,1666,26083101,173,6494;6496;6498;6499;6500;6507;6508;6509,1381,H-:N
DAP-2,1666,26083101,174,6516;6518;6520;6521;6522;6529;6530;6531,68,H-:N
DAP-2,1666,26083101,175,6538;6540;6542;6543;6544;6551;6552;6553,1028,H-:N
DAP-2,1666,26083101,176,6688;6690;6692;6693;6694;6701;6702;6703,2025,H-:N
DAP-2,1666,26083101,177,6710;6712;6714;6715;6716;6723;6724;6725,608,H-:C
DAP-2,1666,26083101,178,6732;6734;6736;6737;6738;6745;6746;6747,1201,H-:N
DAP-2,1666,26083101,179,6754;6756;6758;6759;6760;6767;6768;6769,1646,H-:C
DAP-2,1666,26083101,180,6776;6778;6780;6781;6782;6789;6790;6791,2786,H-:N
DAP-2,1666,26083101,181,6798;6800;6802;6803;6804;6811;6812;6813,2030,H-:N
DAP-2,1666,26083101,182,6820;6822;6824;6825;6826;6833;6834;6835,1866,H-:C
DAP-2,1666,26083101,183,6842;6844;6846;6847;6848;6855;6856;6857,80,"H-:C,C"
DAP-2,1666,26083101,184,6992;6994;6996;6997;6998;7005;7006;7007,1122,H-:N
DAP-2,1666,26083101,185,7014;7016;7018;7019;7020;7027;7028;7029,2587,break:C-N_bridge
DAP-2,1666,26083101,186,7036;7038;7040;7041;7042;7049;7050;7051,1549,H-:C
DAP-2,1666,26083101,187,7058;7060;7062;7063;7064;7071;7072;7073,3092,H-:C
DAP-2,1666,26083101,188,7080;7082;7084;7085;7086;7093;7094;7095,1648,"H-:C,C,N;break:C-N_bridge"
DAP-2,1666,26083101,189,7102;7104;7106;7107;7108;7115;7116;7117,772,H-:N;break:C-N_bridge
DAP-2,1666,26083101,190,7124;7126;7128;7129;7130;7137;7138;7139,789,break:C-N_bridge
DAP-2,1666,26083101,191,7146;7148;7150;7151;7152;7159;7160;7161,2933,H-:N
DAP-2,1666,26083102,0,0;2;4;5;6;13;14;15,1113,H-:N
DAP-2,1666,26083102,1,22;24;26;27;28;35;36;37,1660,H-:N
DAP-2,1666,26083102,2,44;46;48;49;50;57;58;59,2813,H-:N
DAP-2,1666,26083102,3,66;68;70;71;72;79;80;81,1043,"H-:C,N"
DAP-2,1666,26083102,4,88;90;92;93;94;101;102;103,1848,H-:N
DAP-2,1666,26083102,5,110;112;114;115;116;123;124;125,997,"H-:C,N"
DAP-2,1666,26083102,6,132;134;136;137;138;145;146;147,2392,H-:N
DAP-2,1666,26083102,7,154;156;158;159;160;167;168;169,196,H-:N
DAP-2,1666,26083102,8,304;306;308;309;310;317;318;319,576,H-:C
DAP-2,1666,26083102,9,326;328;330;331;332;339;340;341,1255,H-:C;break:C-N_bridge
DAP-2,1666,26083102,10,348;350;352;353;354;361;362;363,1737,H-:N
DAP-2,1666,26083102,11,370;372;374;375;376;383;384;385,605,"H-:C,C"
DAP-2,1666,26083102,12,392;394;396;397;398;405;406;407,589,H-:C
DAP-2,1666,26083102,13,414;416;418;419;420;427;428;429,2573,H-:C
DAP-2,1666,26083102,14,436;438;440;441;442;449;450;451,1234,"H-:C,N"
DAP-2,1666,26083102,15,458;460;462;463;464;471;472;473,1738,H-:N
DAP-2,1666,26083102,16,608;610;612;613;614;621;622;623,508,H-:C
DAP-2,1666,26083102,17,630;632;634;635;636;643;644;645,871,H-:N
DAP-2,1666,26083102,18,652;654;656;657;658;665;666;667,779,"H-:C,C"
DAP-2,1666,26083102,19,674;676;678;679;680;687;688;689,924,H-:C
DAP-2,1666,26083102,20,696;698;700;701;702;709;710;711,1174,H-:N
DAP-2,1666,26083102,21,718;720;722;723;724;731;732;733,1537,H-:C
DAP-2,1666,26083102,22,740;742;744;745;746;753;754;755,350,H-:N
DAP-2,1666,26083102,23,762;764;766;767;768;775;776;777,852,H-:C
DAP-2,1666,26083102,24,912;914;916;917;918;925;926;927,199,H-:C
DAP-2,1666,26083102,25,934;936;938;939;940;947;948;949,2060,H-:C
DAP-2,1666,26083102,26,956;958;960;961;962;969;970;971,1299,H-:C
DAP-2,1666,26083102,27,978;980;982;983;984;991;992;993,1760,H-:N
DAP-2,1666,26083102,28,1000;1002;1004;1005;1006;1013;1014;1015,1546,break:C-N_bridge
DAP-2,1666,26083102,29,1022;1024;1026;1027;1028;1035;1036;1037,2860,"H-:C,N"
DAP-2,1666,26083102,30,1044;1046;1048;1049;1050;1057;1058;1059,1396,H-:N
DAP-2,1666,26083102,31,1066;1068;1070;1071;1072;1079;1080;1081,2263,H-:N
DAP-2,1666,26083102,32,1216;1218;1220;1221;1222;1229;1230;1231,1760,break:C-N_bridge
DAP-2,1666,26083102,33,1238;1240;1242;1243;1244;1251;1252;1253,2611,H-:C
DAP-2,1666,26083102,34,1260;1262;1264;1265;1266;1273;1274;1275,1261,break:C-N_bridge
DAP-2,1666,26083102,35,1282;1284;1286;1287;1288;1295;1296;1297,2057,H-:N;break:C-N_bridge
DAP-2,1666,26083102,36,1304;1306;1308;1309;1310;1317;1318;1319,3820,"H-:N,N"
DAP-2,1666,26083102,37,1326;1328;1330;1331;1332;1339;1340;1341,1692,break:C-N_bridge
DAP-2,1666,26083102,38,1348;1350;1352;1353;1354;1361;1362;1363,1534,H-:N
DAP-2,1666,26083102,39,1370;1372;1374;1375;1376;1383;1384;1385,1552,"H-:C,N"
DAP-2,1666,26083102,40,1520;1522;1524;1525;1526;1533;1534;1535,898,H-:N
DAP-2,1666,26083102,41,1542;1544;1546;1547;1548;1555;1556;1557,1951,H-:N
DAP-2,1666,26083102,42,1564;1566;1568;1569;1570;1577;1578;1579,103,H-:N
DAP-2,1666,26083102,43,1586;1588;1590;1591;1592;1599;1600;1601,2710,break:C-N_bridge
DAP-2,1666,26083102,44,1608;1610;1612;1613;1614;1621;1622;1623,3102,H-:N
DAP-2,1666,26083102,45,1630;1632;1634;1635;1636;1643;1644;1645,2435,H-:N
DAP-2,1666,26083102,46,1652;1654;1656;1657;1658;1665;1666;1667,728,break:C-N_bridge
DAP-2,1666,26083102,47,1674;1676;1678;1679;1680;1687;1688;1689,941,break:C-N_bridge
DAP-2,1666,26083102,48,1824;1826;1828;1829;1830;1837;1838;1839,2211,H-:C
DAP-2,1666,26083102,49,1846;1848;1850;1851;1852;1859;1860;1861,1408,H-:N
DAP-2,1666,26083102,50,1868;1870;1872;1873;1874;1881;1882;1883,1977,H-:C
DAP-2,1666,26083102,51,1890;1892;1894;1895;1896;1903;1904;1905,2996,H-:N
DAP-2,1666,26083102,52,1912;1914;1916;1917;1918;1925;1926;1927,1056,H-:C
DAP-2,1666,26083102,53,1934;1936;1938;1939;1940;1947;1948;1949,3450,H-:C
DAP-2,1666,26083102,54,1956;1958;1960;1961;1962;1969;1970;1971,3036,H-:N
DAP-2,1666,26083102,55,1978;1980;1982;1983;1984;1991;1992;1993,2152,H-:N;break:C-N_bridge
DAP-2,1666,26083102,56,2128;2130;2132;2133;2134;2141;2142;2143,2006,H-:N
DAP-2,1666,26083102,57,2150;2152;2154;2155;2156;2163;2164;2165,2221,"H-:C,N"
DAP-2,1666,26083102,58,2172;2174;2176;2177;2178;2185;2186;2187,982,H-:N
DAP-2,1666,26083102,59,2194;2196;2198;2199;2200;2207;2208;2209,1970,H-:N
DAP-2,1666,26083102,60,2216;2218;2220;2221;2222;2229;2230;2231,1002,H-:N
DAP-2,1666,26083102,61,2238;2240;2242;2243;2244;2251;2252;2253,3597,H-:N;break:C-N_bridge
DAP-2,1666,26083102,62,2260;2262;2264;2265;2266;2273;2274;2275,1884,H-:N
DAP-2,1666,26083102,63,2282;2284;2286;2287;2288;2295;2296;2297,3399,H-:N
DAP-2,1666,26083102,64,2432;2434;2436;2437;2438;2445;2446;2447,2524,break:C-N_bridge
DAP-2,1666,26083102,65,2454;2456;2458;2459;2460;2467;2468;2469,1877,H-:N
DAP-2,1666,26083102,66,2476;2478;2480;2481;2482;2489;2490;2491,1737,H-:C
DAP-2,1666,26083102,67,2498;2500;2502;2503;2504;2511;2512;2513,1833,H-:N
DAP-2,1666,26083102,68,2520;2522;2524;2525;2526;2533;2534;2535,1996,H-:N
DAP-2,1666,26083102,69,2542;2544;2546;2547;2548;2555;2556;2557,975,H-:C
DAP-2,1666,26083102,70,2564;2566;2568;2569;2570;2577;2578;2579,2802,H-:C
DAP-2,1666,26083102,71,2586;2588;2590;2591;2592;2599;2600;2601,2411,H-:C
DAP-2,1666,26083102,72,2736;2738;2740;2741;2742;2749;2750;2751,612,H-:N
DAP-2,1666,26083102,73,2758;2760;2762;2763;2764;2771;2772;2773,2300,H-:C
DAP-2,1666,26083102,74,2780;2782;2784;2785;2786;2793;2794;2795,2335,H-:C
DAP-2,1666,26083102,75,2802;2804;2806;2807;2808;2815;2816;2817,1567,"H-:C,N"
DAP-2,1666,26083102,76,2824;2826;2828;2829;2830;2837;2838;2839,1497,H-:N
DAP-2,1666,26083102,77,2846;2848;2850;2851;2852;2859;2860;2861,703,break:C-N_bridge
DAP-2,1666,26083102,78,2868;2870;2872;2873;2874;2881;2882;2883,532,"H-:C,C"
DAP-2,1666,26083102,79,2890;2892;2894;2895;2896;2903;2904;2905,1692,break:C-N_bridge
DAP-2,1666,26083102,80,3040;3042;3044;3045;3046;3053;3054;3055,434,H-:C
DAP-2,1666,26083102,81,3062;3064;3066;3067;3068;3075;3076;3077,890,H-:C
DAP-2,1666,26083102,82,3084;3086;3088;3089;3090;3097;3098;3099,1345,H-:N
DAP-2,1666,26083102,83,3106;3108;3110;3111;3112;3119;3120;3121,1864,H-:C
DAP-2,1666,26083102,84,3128;3130;3132;3133;3134;3141;3142;3143,1860,H-:N
DAP-2,1666,26083102,85,3150;3152;3154;3155;3156;3163;3164;3165,2082,H-:C
DAP-2,1666,26083102,86,3172;3174;3176;3177;3178;3185;3186;3187,2218,H-:N
DAP-2,1666,26083102,87,3194;3196;3198;3199;3200;3207;3208;3209,1012,"H-:C,C,N"
DAP-2,1666,26083102,88,3344;3346;3348;3349;3350;3357;3358;3359,1930,H-:C
DAP-2,1666,26083102,89,3366;3368;3370;3371;3372;3379;3380;3381,1331,H-:N
DAP-2,1666,26083102,90,3388;3390;3392;3393;3394;3401;3402;3403,1781,H-:N
DAP-2,1666,26083102,91,3410;3412;3414;3415;3416;3423;3424;3425,562,H-:N
DAP-2,1666,26083102,92,3432;3434;3436;3437;3438;3445;3446;3447,13,H-:N
DAP-2,1666,26083102,93,3454;3456;3458;3459;3460;3467;3468;3469,624,H-:N
DAP-2,1666,26083102,94,3476;3478;3480;3481;3482;3489;3490;3491,1423,"H-:C,N"
DAP-2,1666,26083102,95,3498;3500;3502;3503;3504;3511;3512;3513,3796,break:C-N_bridge
DAP-2,1666,26083102,96,3648;3650;3652;3653;3654;3661;3662;3663,155,break:C-N_bridge
DAP-2,1666,26083102,97,3670;3672;3674;3675;3676;3683;3684;3685,810,H-:C
DAP-2,1666,26083102,98,3692;3694;3696;3697;3698;3705;3706;3707,29,H-:C
DAP-2,1666,26083102,99,3714;3716;3718;3719;3720;3727;3728;3729,1655,H-:N
DAP-2,1666,26083102,100,3736;3738;3740;3741;3742;3749;3750;3751,619,H-:N
DAP-2,1666,26083102,101,3758;3760;3762;3763;3764;3771;3772;3773,822,H-:N
DAP-2,1666,26083102,102,3780;3782;3784;3785;3786;3793;3794;3795,138,H-:C
DAP-2,1666,26083102,103,3802;3804;3806;3807;3808;3815;3816;3817,91,H-:N
DAP-2,1666,26083102,104,3952;3954;3956;3957;3958;3965;3966;3967,3229,H-:N
DAP-2,1666,26083102,105,3974;3976;3978;3979;3980;3987;3988;3989,1634,break:C-N_bridge
DAP-2,1666,26083102,106,3996;3998;4000;4001;4002;4009;4010;4011,2397,H-:N
DAP-2,1666,26083102,107,4018;4020;4022;4023;4024;4031;4032;4033,1942,H-:N
DAP-2,1666,26083102,108,4040;4042;4044;4045;4046;4053;4054;4055,2598,H-:C
DAP-2,1666,26083102,109,4062;4064;4066;4067;4068;4075;4076;4077,935,H-:N
DAP-2,1666,26083102,110,4084;4086;4088;4089;4090;4097;4098;4099,2629,H-:C
DAP-2,1666,26083102,111,4106;4108;4110;4111;4112;4119;4120;4121,1459,"H-:C,N"
DAP-2,1666,26083102,112,4256;4258;4260;4261;4262;4269;4270;4271,1666,H-:N
DAP-2,1666,26083102,113,4278;4280;4282;4283;4284;4291;4292;4293,837,H-:N
DAP-2,1666,26083102,114,4300;4302;4304;4305;4306;4313;4314;4315,1686,break:C-N_bridge;external:O1
DAP-2,1666,26083102,115,4322;4324;4326;4327;4328;4335;4336;4337,755,H-:C
DAP-2,1666,26083102,116,4344;4346;4348;4349;4350;4357;4358;4359,1334,H-:N
DAP-2,1666,26083102,117,4366;4368;4370;4371;4372;4379;4380;4381,1712,H-:N
DAP-2,1666,26083102,118,4388;4390;4392;4393;4394;4401;4402;4403,1605,H-:C
DAP-2,1666,26083102,119,4410;4412;4414;4415;4416;4423;4424;4425,2161,H-:C
DAP-2,1666,26083102,120,4560;4562;4564;4565;4566;4573;4574;4575,1635,H-:N
DAP-2,1666,26083102,121,4582;4584;4586;4587;4588;4595;4596;4597,493,H-:C
DAP-2,1666,26083102,122,4604;4606;4608;4609;4610;4617;4618;4619,750,H-:C
DAP-2,1666,26083102,123,4626;4628;4630;4631;4632;4639;4640;4641,1183,H-:N
DAP-2,1666,26083102,124,4648;4650;4652;4653;4654;4661;4662;4663,816,H-:N
DAP-2,1666,26083102,125,4670;4672;4674;4675;4676;4683;4684;4685,1584,"break:C-C_bridge,C-N_bridge"
DAP-2,1666,26083102,126,4692;4694;4696;4697;4698;4705;4706;4707,1227,H-:C
DAP-2,1666,26083102,127,4714;4716;4718;4719;4720;4727;4728;4729,2383,H-:N
DAP-2,1666,26083102,128,4864;4866;4868;4869;4870;4877;4878;4879,1110,H-:C
DAP-2,1666,26083102,129,4886;4888;4890;4891;4892;4899;4900;4901,2500,H-:C
DAP-2,1666,26083102,130,4908;4910;4912;4913;4914;4921;4922;4923,3534,H-:N
DAP-2,1666,26083102,131,4930;4932;4934;4935;4936;4943;4944;4945,2274,H-:N
DAP-2,1666,26083102,132,4952;4954;4956;4957;4958;4965;4966;4967,2901,H-:N
DAP-2,1666,26083102,133,4974;4976;4978;4979;4980;4987;4988;4989,2787,"H-:C,C"
DAP-2,1666,26083102,134,4996;4998;5000;5001;5002;5009;5010;5011,2325,H-:N
DAP-2,1666,26083102,135,5018;5020;5022;5023;5024;5031;5032;5033,3836,H-:N
DAP-2,1666,26083102,136,5168;5170;5172;5173;5174;5181;5182;5183,2162,break:C-N_bridge
DAP-2,1666,26083102,137,5190;5192;5194;5195;5196;5203;5204;5205,2326,H-:C
DAP-2,1666,26083102,138,5212;5214;5216;5217;5218;5225;5226;5227,814,H-:N
DAP-2,1666,26083102,139,5234;5236;5238;5239;5240;5247;5248;5249,919,H-:C
DAP-2,1666,26083102,140,5256;5258;5260;5261;5262;5269;5270;5271,1734,H-:C
DAP-2,1666,26083102,141,5278;5280;5282;5283;5284;5291;5292;5293,1182,H-:C
DAP-2,1666,26083102,142,5300;5302;5304;5305;5306;5313;5314;5315,1037,"H-:C,N"
DAP-2,1666,26083102,143,5322;5324;5326;5327;5328;5335;5336;5337,2148,H-:N
DAP-2,1666,26083102,144,5472;5474;5476;5477;5478;5485;5486;5487,2072,H-:N
DAP-2,1666,26083102,145,5494;5496;5498;5499;5500;5507;5508;5509,2048,H-:C
DAP-2,1666,26083102,146,5516;5518;5520;5521;5522;5529;5530;5531,2099,H-:C
DAP-2,1666,26083102,147,5538;5540;5542;5543;5544;5551;5552;5553,1676,H-:N
DAP-2,1666,26083102,148,5560;5562;5564;5565;5566;5573;5574;5575,596,H-:N
DAP-2,1666,26083102,149,5582;5584;5586;5587;5588;5595;5596;5597,352,H-:N
DAP-2,1666,26083102,150,5604;5606;5608;5609;5610;5617;5618;5619,965,H-:N
DAP-2,1666,26083102,151,5626;5628;5630;5631;5632;5639;5640;5641,698,H-:N
DAP-2,1666,26083102,152,5776;5778;5780;5781;5782;5789;5790;5791,1009,"H-:C,N"
DAP-2,1666,26083102,153,5798;5800;5802;5803;5804;5811;5812;5813,2135,H-:N
DAP-2,1666,26083102,154,5820;5822;5824;5825;5826;5833;5834;5835,3557,H-:N
DAP-2,1666,26083102,155,5842;5844;5846;5847;5848;5855;5856;5857,53,H-:C
DAP-2,1666,26083102,156,5864;5866;5868;5869;5870;5877;5878;5879,1502,H-:C
DAP-2,1666,26083102,157,5886;5888;5890;5891;5892;5899;5900;5901,3658,H-:N
DAP-2,1666,26083102,158,5908;5910;5912;5913;5914;5921;5922;5923,53,H-:N
DAP-2,1666,26083102,159,5930;5932;5934;5935;5936;5943;5944;5945,2573,H-:C
DAP-2,1666,26083102,160,6080;6082;6084;6085;6086;6093;6094;6095,2443,H-:N
DAP-2,1666,26083102,161,6102;6104;6106;6107;6108;6115;6116;6117,1532,H-:N
DAP-2,1666,26083102,162,6124;6126;6128;6129;6130;6137;6138;6139,897,H-:C
DAP-2,1666,26083102,163,6146;6148;6150;6151;6152;6159;6160;6161,112,H-:N
DAP-2,1666,26083102,164,6168;6170;6172;6173;6174;6181;6182;6183,885,break:C-N_bridge
DAP-2,1666,26083102,165,6190;6192;6194;6195;6196;6203;6204;6205,551,H-:C;break:C-N_bridge
DAP-2,1666,26083102,166,6212;6214;6216;6217;6218;6225;6226;6227,2069,H-:C;break:C-N_bridge
DAP-2,1666,26083102,167,6234;6236;6238;6239;6240;6247;6248;6249,2586,"H-:C,C"
DAP-2,1666,26083102,168,6384;6386;6388;6389;6390;6397;6398;6399,630,H-:N
DAP-2,1666,26083102,169,6406;6408;6410;6411;6412;6419;6420;6421,3428,H-:C
DAP-2,1666,26083102,170,6428;6430;6432;6433;6434;6441;6442;6443,614,"H-:C;break:C-C_bridge,C-N_bridge"
DAP-2,1666,26083102,171,6450;6452;6454;6455;6456;6463;6464;6465,1053,H-:C
DAP-2,1666,26083102,172,6472;6474;6476;6477;6478;6485;6486;6487,1924,H-:N
DAP-2,1666,26083102,173,6494;6496;6498;6499;6500;6507;6508;6509,3601,H-:N
DAP-2,1666,26083102,174,6516;6518;6520;6521;6522;6529;6530;6531,685,break:C-C_bridge
DAP-2,1666,26083102,175,6538;6540;6542;6543;6544;6551;6552;6553,154,break:C-N_bridge
DAP-2,1666,26083102,176,6688;6690;6692;6693;6694;6701;6702;6703,2734,H-:C
DAP-2,1666,26083102,177,6710;6712;6714;6715;6716;6723;6724;6725,3244,H-:N
DAP-2,1666,26083102,178,6732;6734;6736;6737;6738;6745;6746;6747,2163,H-:N
DAP-2,1666,26083102,179,6754;6756;6758;6759;6760;6767;6768;6769,1106,break:C-N_bridge
DAP-2,1666,26083102,180,6776;6778;6780;6781;6782;6789;6790;6791,890,H-:C;break:C-N_bridge
DAP-2,1666,26083102,181,6798;6800;6802;6803;6804;6811;6812;6813,1913,H-:N
DAP-2,1666,26083102,182,6820;6822;6824;6825;6826;6833;6834;6835,2160,H-:N
DAP-2,1666,26083102,183,6842;6844;6846;6847;6848;6855;6856;6857,2370,break:C-C_bridge
DAP-2,1666,26083102,184,6992;6994;6996;6997;6998;7005;7006;7007,1030,break:C-N_bridge
DAP-2,1666,26083102,185,7014;7016;7018;7019;7020;7027;7028;7029,4331,H-:N
DAP-2,1666,26083102,186,7036;7038;7040;7041;7042;7049;7050;7051,745,H-:N
DAP-2,1666,26083102,187,7058;7060;7062;7063;7064;7071;7072;7073,2818,H-:C
DAP-2,1666,26083102,188,7080;7082;7084;7085;7086;7093;7094;7095,1942,break:C-C_bridge
DAP-2,1666,26083102,189,7102;7104;7106;7107;7108;7115;7116;7117,1006,"H-:C,N"
DAP-2,1666,26083102,190,7124;7126;7128;7129;7130;7137;7138;7139,4220,"H-:C,N"
DAP-2,1666,26083102,191,7146;7148;7150;7151;7152;7159;7160;7161,4331,H-:N
DAP-2,1666,26083103,0,0;2;4;5;6;13;14;15,2706,H-:N
DAP-2,1666,26083103,1,22;24;26;27;28;35;36;37,1844,H-:N
DAP-2,1666,26083103,2,44;46;48;49;50;57;58;59,2310,H-:N
DAP-2,1666,26083103,3,66;68;70;71;72;79;80;81,1380,"H-:C,C,N"
DAP-2,1666,26083103,4,88;90;92;93;94;101;102;103,4002,H-:N
DAP-2,1666,26083103,5,110;112;114;115;116;123;124;125,2259,H-:N
DAP-2,1666,26083103,6,132;134;136;137;138;145;146;147,1271,H-:N
DAP-2,1666,26083103,7,154;156;158;159;160;167;168;169,1865,"H-:C,C"
DAP-2,1666,26083103,8,304;306;308;309;310;317;318;319,1087,H-:N
DAP-2,1666,26083103,9,326;328;330;331;332;339;340;341,3315,H-:C
DAP-2,1666,26083103,10,348;350;352;353;354;361;362;363,2721,H-:N
DAP-2,1666,26083103,11,370;372;374;375;376;383;384;385,2598,H-:N
DAP-2,1666,26083103,12,392;394;396;397;398;405;406;407,830,"H-:C,N"
DAP-2,1666,26083103,13,414;416;418;419;420;427;428;429,3162,H-:N
DAP-2,1666,26083103,14,436;438;440;441;442;449;450;451,1064,break:C-C_bridge
DAP-2,1666,26083103,15,458;460;462;463;464;471;472;473,4000,H-:N
DAP-2,1666,26083103,16,608;610;612;613;614;621;622;623,2193,H-:N
DAP-2,1666,26083103,17,630;632;634;635;636;643;644;645,2500,H-:N;break:C-N_bridge
DAP-2,1666,26083103,18,652;654;656;657;658;665;666;667,2846,H-:C
DAP-2,1666,26083103,19,674;676;678;679;680;687;688;689,524,H-:C
DAP-2,1666,26083103,20,696;698;700;701;702;709;710;711,786,H-:C
DAP-2,1666,26083103,21,718;720;722;723;724;731;732;733,801,H-:C
DAP-2,1666,26083103,22,740;742;744;745;746;753;754;755,2110,H-:C
DAP-2,1666,26083103,23,762;764;766;767;768;775;776;777,3513,H-:C
DAP-2,1666,26083103,24,912;914;916;917;918;925;926;927,2659,H-:N
DAP-2,1666,26083103,25,934;936;938;939;940;947;948;949,367,H-:C
DAP-2,1666,26083103,26,956;958;960;961;962;969;970;971,577,H-:N
DAP-2,1666,26083103,27,978;980;982;983;984;991;992;993,2891,H-:N
DAP-2,1666,26083103,28,1000;1002;1004;1005;1006;1013;1014;1015,3250,H-:N
DAP-2,1666,26083103,29,1022;1024;1026;1027;1028;1035;1036;1037,2732,H-:N
DAP-2,1666,26083103,30,1044;1046;1048;1049;1050;1057;1058;1059,1204,H-:N;break:C-N_bridge
DAP-2,1666,26083103,31,1066;1068;1070;1071;1072;1079;1080;1081,351,H-:N
DAP-2,1666,26083103,32,1216;1218;1220;1221;1222;1229;1230;1231,1239,H-:C
DAP-2,1666,26083103,33,1238;1240;1242;1243;1244;1251;1252;1253,2550,H-:C
DAP-2,1666,26083103,34,1260;1262;1264;1265;1266;1273;1274;1275,1499,H-:C
DAP-2,1666,26083103,35,1282;1284;1286;1287;1288;1295;1296;1297,2971,H-:C
DAP-2,1666,26083103,36,1304;1306;1308;1309;1310;1317;1318;1319,1877,"H-:C,N;break:C-N_bridge"
DAP-2,1666,26083103,37,1326;1328;1330;1331;1332;1339;1340;1341,2865,break:C-N_bridge
DAP-2,1666,26083103,38,1348;1350;1352;1353;1354;1361;1362;1363,3548,H-:C
DAP-2,1666,26083103,39,1370;1372;1374;1375;1376;1383;1384;1385,2011,break:C-C_bridge;external:O1
DAP-2,1666,26083103,40,1520;1522;1524;1525;1526;1533;1534;1535,781,H-:C
DAP-2,1666,26083103,41,1542;1544;1546;1547;1548;1555;1556;1557,599,H-:N
DAP-2,1666,26083103,42,1564;1566;1568;1569;1570;1577;1578;1579,1144,H-:N
DAP-2,1666,26083103,43,1586;1588;1590;1591;1592;1599;1600;1601,1976,H-:N
DAP-2,1666,26083103,44,1608;1610;1612;1613;1614;1621;1622;1623,2410,H-:N
DAP-2,1666,26083103,45,1630;1632;1634;1635;1636;1643;1644;1645,602,"H-:C,N"
DAP-2,1666,26083103,46,1652;1654;1656;1657;1658;1665;1666;1667,1759,H-:N;break:C-N_bridge
DAP-2,1666,26083103,47,1674;1676;1678;1679;1680;1687;1688;1689,1771,H-:N
DAP-2,1666,26083103,48,1824;1826;1828;1829;1830;1837;1838;1839,3464,H-:N
DAP-2,1666,26083103,49,1846;1848;1850;1851;1852;1859;1860;1861,2038,H-:N
DAP-2,1666,26083103,50,1868;1870;1872;1873;1874;1881;1882;1883,1437,external:O1
DAP-2,1666,26083103,51,1890;1892;1894;1895;1896;1903;1904;1905,4290,H-:N
DAP-2,1666,26083103,52,1912;1914;1916;1917;1918;1925;1926;1927,2308,H-:N
DAP-2,1666,26083103,53,1934;1936;1938;1939;1940;1947;1948;1949,1937,H-:C
DAP-2,1666,26083103,54,1956;1958;1960;1961;1962;1969;1970;1971,607,break:C-N_bridge
DAP-2,1666,26083103,55,1978;1980;1982;1983;1984;1991;1992;1993,4000,H-:C
DAP-2,1666,26083103,56,2128;2130;2132;2133;2134;2141;2142;2143,2736,H-:C
DAP-2,1666,26083103,57,2150;2152;2154;2155;2156;2163;2164;2165,563,"break:C-N_bridge,C-N_bridge"
DAP-2,1666,26083103,58,2172;2174;2176;2177;2178;2185;2186;2187,2328,"H-:C,N"
DAP-2,1666,26083103,59,2194;2196;2198;2199;2200;2207;2208;2209,1982,"H-:C,C"
DAP-2,1666,26083103,60,2216;2218;2220;2221;2222;2229;2230;2231,1463,break:C-N_bridge
DAP-2,1666,26083103,61,2238;2240;2242;2243;2244;2251;2252;2253,2289,H-:N
DAP-2,1666,26083103,62,2260;2262;2264;2265;2266;2273;2274;2275,836,H-:N
DAP-2,1666,26083103,63,2282;2284;2286;2287;2288;2295;2296;2297,1087,H-:N
DAP-2,1666,26083103,64,2432;2434;2436;2437;2438;2445;2446;2447,863,break:C-N_bridge
DAP-2,1666,26083103,65,2454;2456;2458;2459;2460;2467;2468;2469,311,break:C-N_bridge
DAP-2,1666,26083103,66,2476;2478;2480;2481;2482;2489;2490;2491,2042,H-:C
DAP-2,1666,26083103,67,2498;2500;2502;2503;2504;2511;2512;2513,30,H-:N
DAP-2,1666,26083103,68,2520;2522;2524;2525;2526;2533;2534;2535,46,break:C-C_bridge
DAP-2,1666,26083103,69,2542;2544;2546;2547;2548;2555;2556;2557,660,"H-:C,N"
DAP-2,1666,26083103,70,2564;2566;2568;2569;2570;2577;2578;2579,1411,H-:C
DAP-2,1666,26083103,71,2586;2588;2590;2591;2592;2599;2600;2601,1313,H-:N
DAP-2,1666,26083103,72,2736;2738;2740;2741;2742;2749;2750;2751,1756,H-:N
DAP-2,1666,26083103,73,2758;2760;2762;2763;2764;2771;2772;2773,1756,break:C-N_bridge
DAP-2,1666,26083103,74,2780;2782;2784;2785;2786;2793;2794;2795,2671,H-:N
DAP-2,1666,26083103,75,2802;2804;2806;2807;2808;2815;2816;2817,1052,H-:C;break:C-N_bridge
DAP-2,1666,26083103,76,2824;2826;2828;2829;2830;2837;2838;2839,1356,H-:N
DAP-2,1666,26083103,77,2846;2848;2850;2851;2852;2859;2860;2861,1117,"H-:C,C"
DAP-2,1666,26083103,78,2868;2870;2872;2873;2874;2881;2882;2883,2207,H-:C
DAP-2,1666,26083103,79,2890;2892;2894;2895;2896;2903;2904;2905,2677,H-:N
DAP-2,1666,26083103,80,3040;3042;3044;3045;3046;3053;3054;3055,1365,H-:C;break:C-N_bridge
DAP-2,1666,26083103,81,3062;3064;3066;3067;3068;3075;3076;3077,952,H-:N
DAP-2,1666,26083103,82,3084;3086;3088;3089;3090;3097;3098;3099,1133,H-:N;break:C-N_bridge
DAP-2,1666,26083103,83,3106;3108;3110;3111;3112;3119;3120;3121,3076,"H-:C,C"
DAP-2,1666,26083103,84,3128;3130;3132;3133;3134;3141;3142;3143,586,H-:N
DAP-2,1666,26083103,85,3150;3152;3154;3155;3156;3163;3164;3165,2439,H-:N
DAP-2,1666,26083103,86,3172;3174;3176;3177;3178;3185;3186;3187,1136,H-:C
DAP-2,1666,26083103,87,3194;3196;3198;3199;3200;3207;3208;3209,1121,H-:N
DAP-2,1666,26083103,88,3344;3346;3348;3349;3350;3357;3358;3359,1335,H-:N
DAP-2,1666,26083103,89,3366;3368;3370;3371;3372;3379;3380;3381,769,H-:N
DAP-2,1666,26083103,90,3388;3390;3392;3393;3394;3401;3402;3403,1221,H-:C
DAP-2,1666,26083103,91,3410;3412;3414;3415;3416;3423;3424;3425,1777,H-:N
DAP-2,1666,26083103,92,3432;3434;3436;3437;3438;3445;3446;3447,845,H-:C;break:C-N_bridge
DAP-2,1666,26083103,93,3454;3456;3458;3459;3460;3467;3468;3469,2450,break:C-C_bridge
DAP-2,1666,26083103,94,3476;3478;3480;3481;3482;3489;3490;3491,1762,H-:N
DAP-2,1666,26083103,95,3498;3500;3502;3503;3504;3511;3512;3513,1844,H-:N
DAP-2,1666,26083103,96,3648;3650;3652;3653;3654;3661;3662;3663,1996,H-:N
DAP-2,1666,26083103,97,3670;3672;3674;3675;3676;3683;3684;3685,1945,H-:N
DAP-2,1666,26083103,98,3692;3694;3696;3697;3698;3705;3706;3707,2116,break:C-N_bridge
DAP-2,1666,26083103,99,3714;3716;3718;3719;3720;3727;3728;3729,2516,H-:C
DAP-2,1666,26083103,100,3736;3738;3740;3741;3742;3749;3750;3751,2298,H-:N
DAP-2,1666,26083103,101,3758;3760;3762;3763;3764;3771;3772;3773,2344,"H-:N,N"
DAP-2,1666,26083103,102,3780;3782;3784;3785;3786;3793;3794;3795,2258,H-:C
DAP-2,1666,26083103,103,3802;3804;3806;3807;3808;3815;3816;3817,483,break:C-N_bridge
DAP-2,1666,26083103,104,3952;3954;3956;3957;3958;3965;3966;3967,62,H-:N
DAP-2,1666,26083103,105,3974;3976;3978;3979;3980;3987;3988;3989,950,H-:N
DAP-2,1666,26083103,106,3996;3998;4000;4001;4002;4009;4010;4011,593,H-:N
DAP-2,1666,26083103,107,4018;4020;4022;4023;4024;4031;4032;4033,856,H-:C
DAP-2,1666,26083103,108,4040;4042;4044;4045;4046;4053;4054;4055,937,H-:N
DAP-2,1666,26083103,109,4062;4064;4066;4067;4068;4075;4076;4077,1265,"H-:C,C"
DAP-2,1666,26083103,110,4084;4086;4088;4089;4090;4097;4098;4099,829,H-:N
DAP-2,1666,26083103,111,4106;4108;4110;4111;4112;4119;4120;4121,88,"H-:C,N"
DAP-2,1666,26083103,112,4256;4258;4260;4261;4262;4269;4270;4271,1264,H-:N
DAP-2,1666,26083103,113,4278;4280;4282;4283;4284;4291;4292;4293,2086,H-:N
DAP-2,1666,26083103,114,4300;4302;4304;4305;4306;4313;4314;4315,1800,H-:C
DAP-2,1666,26083103,115,4322;4324;4326;4327;4328;4335;4336;4337,2833,H-:N
DAP-2,1666,26083103,116,4344;4346;4348;4349;4350;4357;4358;4359,3707,H-:N
DAP-2,1666,26083103,117,4366;4368;4370;4371;4372;4379;4380;4381,2878,H-:N
DAP-2,1666,26083103,118,4388;4390;4392;4393;4394;4401;4402;4403,1445,H-:C
DAP-2,1666,26083103,119,4410;4412;4414;4415;4416;4423;4424;4425,1599,H-:C
DAP-2,1666,26083103,120,4560;4562;4564;4565;4566;4573;4574;4575,358,H-:C
DAP-2,1666,26083103,121,4582;4584;4586;4587;4588;4595;4596;4597,794,H-:N
DAP-2,1666,26083103,122,4604;4606;4608;4609;4610;4617;4618;4619,828,H-:N
DAP-2,1666,26083103,123,4626;4628;4630;4631;4632;4639;4640;4641,630,H-:N
DAP-2,1666,26083103,124,4648;4650;4652;4653;4654;4661;4662;4663,1227,H-:C
DAP-2,1666,26083103,125,4670;4672;4674;4675;4676;4683;4684;4685,1222,H-:N
DAP-2,1666,26083103,126,4692;4694;4696;4697;4698;4705;4706;4707,201,"H-:C,C"
DAP-2,1666,26083103,127,4714;4716;4718;4719;4720;4727;4728;4729,2634,H-:C
DAP-2,1666,26083103,128,4864;4866;4868;4869;4870;4877;4878;4879,2320,break:C-N_bridge
DAP-2,1666,26083103,129,4886;4888;4890;4891;4892;4899;4900;4901,3223,H-:N
DAP-2,1666,26083103,130,4908;4910;4912;4913;4914;4921;4922;4923,654,H-:C;break:C-N_bridge
DAP-2,1666,26083103,131,4930;4932;4934;4935;4936;4943;4944;4945,1387,H-:N
DAP-2,1666,26083103,132,4952;4954;4956;4957;4958;4965;4966;4967,2821,H-:C
DAP-2,1666,26083103,133,4974;4976;4978;4979;4980;4987;4988;4989,862,H-:N
DAP-2,1666,26083103,134,4996;4998;5000;5001;5002;5009;5010;5011,2803,H-:N
DAP-2,1666,26083103,135,5018;5020;5022;5023;5024;5031;5032;5033,2529,H-:N
DAP-2,1666,26083103,136,5168;5170;5172;5173;5174;5181;5182;5183,3746,"external:Cl1,O3"
DAP-2,1666,26083103,137,5190;5192;5194;5195;5196;5203;5204;5205,1570,break:C-N_bridge
DAP-2,1666,26083103,138,5212;5214;5216;5217;5218;5225;5226;5227,1846,"H-:C;break:C-C_bridge,C-N_bridge"
DAP-2,1666,26083103,139,5234;5236;5238;5239;5240;5247;5248;5249,2891,H-:N
DAP-2,1666,26083103,140,5256;5258;5260;5261;5262;5269;5270;5271,414,H-:C
DAP-2,1666,26083103,141,5278;5280;5282;5283;5284;5291;5292;5293,2264,"H-:C,N"
DAP-2,1666,26083103,142,5300;5302;5304;5305;5306;5313;5314;5315,4092,H-:C
DAP-2,1666,26083103,143,5322;5324;5326;5327;5328;5335;5336;5337,3198,H-:C
DAP-2,1666,26083103,144,5472;5474;5476;5477;5478;5485;5486;5487,330,H-:N;break:C-N_bridge
DAP-2,1666,26083103,145,5494;5496;5498;5499;5500;5507;5508;5509,734,break:C-N_bridge
DAP-2,1666,26083103,146,5516;5518;5520;5521;5522;5529;5530;5531,1972,H-:N
DAP-2,1666,26083103,147,5538;5540;5542;5543;5544;5551;5552;5553,1783,H-:N
DAP-2,1666,26083103,148,5560;5562;5564;5565;5566;5573;5574;5575,1429,break:C-N_bridge
DAP-2,1666,26083103,149,5582;5584;5586;5587;5588;5595;5596;5597,293,H-:C
DAP-2,1666,26083103,150,5604;5606;5608;5609;5610;5617;5618;5619,1481,H-:C;break:C-N_bridge
DAP-2,1666,26083103,151,5626;5628;5630;5631;5632;5639;5640;5641,2987,H-:N
DAP-2,1666,26083103,152,5776;5778;5780;5781;5782;5789;5790;5791,3509,H-:N
DAP-2,1666,26083103,153,5798;5800;5802;5803;5804;5811;5812;5813,1990,H-:N;break:C-N_bridge
DAP-2,1666,26083103,154,5820;5822;5824;5825;5826;5833;5834;5835,397,H-:N
DAP-2,1666,26083103,155,5842;5844;5846;5847;5848;5855;5856;5857,2050,H-:N
DAP-2,1666,26083103,156,5864;5866;5868;5869;5870;5877;5878;5879,1943,H-:C
DAP-2,1666,26083103,157,5886;5888;5890;5891;5892;5899;5900;5901,3205,break:C-N_bridge
DAP-2,1666,26083103,158,5908;5910;5912;5913;5914;5921;5922;5923,2099,H-:C
DAP-2,1666,26083103,159,5930;5932;5934;5935;5936;5943;5944;5945,1561,H-:N
DAP-2,1666,26083103,160,6080;6082;6084;6085;6086;6093;6094;6095,1866,H-:C
DAP-2,1666,26083103,161,6102;6104;6106;6107;6108;6115;6116;6117,2456,"H-:C,N"
DAP-2,1666,26083103,162,6124;6126;6128;6129;6130;6137;6138;6139,526,H-:C
DAP-2,1666,26083103,163,6146;6148;6150;6151;6152;6159;6160;6161,261,H-:C
DAP-2,1666,26083103,164,6168;6170;6172;6173;6174;6181;6182;6183,2299,H-:C
DAP-2,1666,26083103,165,6190;6192;6194;6195;6196;6203;6204;6205,256,H-:N
DAP-2,1666,26083103,166,6212;6214;6216;6217;6218;6225;6226;6227,1203,"H-:C,C"
DAP-2,1666,26083103,167,6234;6236;6238;6239;6240;6247;6248;6249,2120,H-:N
DAP-2,1666,26083103,168,6384;6386;6388;6389;6390;6397;6398;6399,1465,H-:N
DAP-2,1666,26083103,169,6406;6408;6410;6411;6412;6419;6420;6421,3228,break:C-N_bridge
DAP-2,1666,26083103,170,6428;6430;6432;6433;6434;6441;6442;6443,1636,"H-:C,N"
DAP-2,1666,26083103,171,6450;6452;6454;6455;6456;6463;6464;6465,1248,H-:C
DAP-2,1666,26083103,172,6472;6474;6476;6477;6478;6485;6486;6487,191,break:C-N_bridge
DAP-2,1666,26083103,173,6494;6496;6498;6499;6500;6507;6508;6509,1584,H-:N
DAP-2,1666,26083103,174,6516;6518;6520;6521;6522;6529;6530;6531,2300,H-:N
DAP-2,1666,26083103,175,6538;6540;6542;6543;6544;6551;6552;6553,2059,H-:N
DAP-2,1666,26083103,176,6688;6690;6692;6693;6694;6701;6702;6703,2074,H-:N;break:C-N_bridge
DAP-2,1666,26083103,177,6710;6712;6714;6715;6716;6723;6724;6725,490,H-:N
DAP-2,1666,26083103,178,6732;6734;6736;6737;6738;6745;6746;6747,2079,H-:N
DAP-2,1666,26083103,179,6754;6756;6758;6759;6760;6767;6768;6769,2368,H-:N
DAP-2,1666,26083103,180,6776;6778;6780;6781;6782;6789;6790;6791,2067,H-:N
DAP-2,1666,26083103,181,6798;6800;6802;6803;6804;6811;6812;6813,2099,H-:N
DAP-2,1666,26083103,182,6820;6822;6824;6825;6826;6833;6834;6835,3106,H-:C
DAP-2,1666,26083103,183,6842;6844;6846;6847;6848;6855;6856;6857,636,H-:C
DAP-2,1666,26083103,184,6992;6994;6996;6997;6998;7005;7006;7007,2281,"H-:C,N;break:C-C_bridge"
DAP-2,1666,26083103,185,7014;7016;7018;7019;7020;7027;7028;7029,2367,H-:N
DAP-2,1666,26083103,186,7036;7038;7040;7041;7042;7049;7050;7051,2499,H-:N
DAP-2,1666,26083103,187,7058;7060;7062;7063;7064;7071;7072;7073,186,H-:N
DAP-2,1666,26083103,188,7080;7082;7084;7085;7086;7093;7094;7095,1586,H-:N
DAP-2,1666,26083103,189,7102;7104;7106;7107;7108;7115;7116;7117,344,break:C-N_bridge
DAP-2,1666,26083103,190,7124;7126;7128;7129;7130;7137;7138;7139,2056,"H-:C,N"
DAP-2,1666,26083103,191,7146;7148;7150;7151;7152;7159;7160;7161,2258,H-:N
PAP-2,1666,26083101,0,128;131;134;137;140;143,256,H-:N
PAP-2,1666,26083101,1,146;149;152;155;158;161,423,H-:N
PAP-2,1666,26083101,2,164;167;170;173;176;179,580,H-:C
PAP-2,1666,26083101,3,182;185;188;191;194;197,937,H-:N
PAP-2,1666,26083101,4,200;203;206;209;212;215,1356,H-:N
PAP-2,1666,26083101,5,218;221;224;227;230;233,1966,"H-:C,N;break:C-N_equivalent"
PAP-2,1666,26083101,6,236;239;242;245;248;251,908,H-:N
PAP-2,1666,26083101,7,254;257;260;263;266;269,1631,H-:N
PAP-2,1666,26083101,8,400;403;406;409;412;415,2022,H-:N
PAP-2,1666,26083101,9,418;421;424;427;430;433,890,"H-:C,N"
PAP-2,1666,26083101,10,436;439;442;445;448;451,933,H-:C
PAP-2,1666,26083101,11,454;457;460;463;466;469,1729,H-:N
PAP-2,1666,26083101,12,472;475;478;481;484;487,2393,H-:N
PAP-2,1666,26083101,13,490;493;496;499;502;505,2620,H-:N
PAP-2,1666,26083101,14,508;511;514;517;520;523,741,"H-:N,N"
PAP-2,1666,26083101,15,526;529;532;535;538;541,495,H-:C
PAP-2,1666,26083101,16,672;675;678;681;684;687,2195,H-:N
PAP-2,1666,26083101,17,690;693;696;699;702;705,1036,H-:C
PAP-2,1666,26083101,18,708;711;714;717;720;723,1504,H-:N
PAP-2,1666,26083101,19,726;729;732;735;738;741,1570,H-:N
PAP-2,1666,26083101,20,744;747;750;753;756;759,594,H-:N
PAP-2,1666,26083101,21,762;765;768;771;774;777,590,H-:N
PAP-2,1666,26083101,22,780;783;786;789;792;795,671,"H-:N,N"
PAP-2,1666,26083101,23,798;801;804;807;810;813,1135,H-:N
PAP-2,1666,26083101,24,944;947;950;953;956;959,1292,H-:C
PAP-2,1666,26083101,25,962;965;968;971;974;977,1017,H-:N
PAP-2,1666,26083101,26,980;983;986;989;992;995,695,H-:N
PAP-2,1666,26083101,27,998;1001;1004;1007;1010;1013,1294,H-:N
PAP-2,1666,26083101,28,1016;1019;1022;1025;1028;1031,453,H-:N
PAP-2,1666,26083101,29,1034;1037;1040;1043;1046;1049,1327,H-:N
PAP-2,1666,26083101,30,1052;1055;1058;1061;1064;1067,893,break:C-N_equivalent
PAP-2,1666,26083101,31,1070;1073;1076;1079;1082;1085,2352,H-:N
PAP-2,1666,26083101,32,1216;1219;1222;1225;1228;1231,922,H-:N
PAP-2,1666,26083101,33,1234;1237;1240;1243;1246;1249,2072,H-:N
PAP-2,1666,26083101,34,1252;1255;1258;1261;1264;1267,560,H-:N
PAP-2,1666,26083101,35,1270;1273;1276;1279;1282;1285,1453,H-:N
PAP-2,1666,26083101,36,1288;1291;1294;1297;1300;1303,1472,H-:N
PAP-2,1666,26083101,37,1306;1309;1312;1315;1318;1321,597,H-:N
PAP-2,1666,26083101,38,1324;1327;1330;1333;1336;1339,684,"H-:C,N"
PAP-2,1666,26083101,39,1342;1345;1348;1351;1354;1357,361,H-:N
PAP-2,1666,26083101,40,1488;1491;1494;1497;1500;1503,630,H-:N
PAP-2,1666,26083101,41,1506;1509;1512;1515;1518;1521,2158,H-:N
PAP-2,1666,26083101,42,1524;1527;1530;1533;1536;1539,1117,H-:N
PAP-2,1666,26083101,43,1542;1545;1548;1551;1554;1557,486,H-:C
PAP-2,1666,26083101,44,1560;1563;1566;1569;1572;1575,912,H-:N
PAP-2,1666,26083101,45,1578;1581;1584;1587;1590;1593,1271,H-:N
PAP-2,1666,26083101,46,1596;1599;1602;1605;1608;1611,1130,H-:C
PAP-2,1666,26083101,47,1614;1617;1620;1623;1626;1629,414,H-:N
PAP-2,1666,26083101,48,1760;1763;1766;1769;1772;1775,1498,H-:N
PAP-2,1666,26083101,49,1778;1781;1784;1787;1790;1793,358,H-:N
PAP-2,1666,26083101,50,1796;1799;1802;1805;1808;1811,1280,H-:C
PAP-2,1666,26083101,51,1814;1817;1820;1823;1826;1829,1166,"H-:C,N"
PAP-2,1666,26083101,52,1832;1835;1838;1841;1844;1847,631,"H-:C,N"
PAP-2,1666,26083101,53,1850;1853;1856;1859;1862;1865,913,H-:N
PAP-2,1666,26083101,54,1868;1871;1874;1877;1880;1883,988,H-:N
PAP-2,1666,26083101,55,1886;1889;1892;1895;1898;1901,1681,H-:N
PAP-2,1666,26083101,56,2032;2035;2038;2041;2044;2047,597,H-:N
PAP-2,1666,26083101,57,2050;2053;2056;2059;2062;2065,1004,"H-:C,N"
PAP-2,1666,26083101,58,2068;2071;2074;2077;2080;2083,519,H-:N
PAP-2,1666,26083101,59,2086;2089;2092;2095;2098;2101,1128,H-:N
PAP-2,1666,26083101,60,2104;2107;2110;2113;2116;2119,1064,H-:N
PAP-2,1666,26083101,61,2122;2125;2128;2131;2134;2137,1197,H-:N
PAP-2,1666,26083101,62,2140;2143;2146;2149;2152;2155,386,H-:N
PAP-2,1666,26083101,63,2158;2161;2164;2167;2170;2173,53,H-:N
PAP-2,1666,26083101,64,2304;2307;2310;2313;2316;2319,1124,H-:N;break:C-N_equivalent
PAP-2,1666,26083101,65,2322;2325;2328;2331;2334;2337,963,H-:N
PAP-2,1666,26083101,66,2340;2343;2346;2349;2352;2355,202,H-:N
PAP-2,1666,26083101,67,2358;2361;2364;2367;2370;2373,1047,H-:C
PAP-2,1666,26083101,68,2376;2379;2382;2385;2388;2391,639,H-:N
PAP-2,1666,26083101,69,2394;2397;2400;2403;2406;2409,641,H-:N
PAP-2,1666,26083101,70,2412;2415;2418;2421;2424;2427,682,H-:N
PAP-2,1666,26083101,71,2430;2433;2436;2439;2442;2445,28,H-:N
PAP-2,1666,26083101,72,2576;2579;2582;2585;2588;2591,405,H-:C
PAP-2,1666,26083101,73,2594;2597;2600;2603;2606;2609,1004,"H-:C,C"
PAP-2,1666,26083101,74,2612;2615;2618;2621;2624;2627,403,H-:N
PAP-2,1666,26083101,75,2630;2633;2636;2639;2642;2645,904,H-:C
PAP-2,1666,26083101,76,2648;2651;2654;2657;2660;2663,353,break:C-N_equivalent
PAP-2,1666,26083101,77,2666;2669;2672;2675;2678;2681,140,H-:N
PAP-2,1666,26083101,78,2684;2687;2690;2693;2696;2699,117,H-:C
PAP-2,1666,26083101,79,2702;2705;2708;2711;2714;2717,1801,H-:N
PAP-2,1666,26083101,80,2848;2851;2854;2857;2860;2863,156,H-:C
PAP-2,1666,26083101,81,2866;2869;2872;2875;2878;2881,1079,H-:N
PAP-2,1666,26083101,82,2884;2887;2890;2893;2896;2899,807,H-:N
PAP-2,1666,26083101,83,2902;2905;2908;2911;2914;2917,935,H-:C
PAP-2,1666,26083101,84,2920;2923;2926;2929;2932;2935,727,H-:N;break:C-C_equivalent
PAP-2,1666,26083101,85,2938;2941;2944;2947;2950;2953,814,"H-:C,C"
PAP-2,1666,26083101,86,2956;2959;2962;2965;2968;2971,1261,H-:N
PAP-2,1666,26083101,87,2974;2977;2980;2983;2986;2989,1209,H-:N
PAP-2,1666,26083101,88,3120;3123;3126;3129;3132;3135,1974,H-:N
PAP-2,1666,26083101,89,3138;3141;3144;3147;3150;3153,1171,H-:N;break:C-N_equivalent
PAP-2,1666,26083101,90,3156;3159;3162;3165;3168;3171,1175,H-:N
PAP-2,1666,26083101,91,3174;3177;3180;3183;3186;3189,2205,H-:N
PAP-2,1666,26083101,92,3192;3195;3198;3201;3204;3207,1148,H-:C
PAP-2,1666,26083101,93,3210;3213;3216;3219;3222;3225,1817,H-:C
PAP-2,1666,26083101,94,3228;3231;3234;3237;3240;3243,1220,break:C-N_equivalent
PAP-2,1666,26083101,95,3246;3249;3252;3255;3258;3261,1193,H-:N
PAP-2,1666,26083101,96,3392;3395;3398;3401;3404;3407,14,H-:N
PAP-2,1666,26083101,97,3410;3413;3416;3419;3422;3425,536,break:C-N_equivalent
PAP-2,1666,26083101,98,3428;3431;3434;3437;3440;3443,747,H-:N
PAP-2,1666,26083101,99,3446;3449;3452;3455;3458;3461,444,H-:N
PAP-2,1666,26083101,100,3464;3467;3470;3473;3476;3479,1134,"H-:C,N"
PAP-2,1666,26083101,101,3482;3485;3488;3491;3494;3497,1166,H-:N;break:C-N_equivalent
PAP-2,1666,26083101,102,3500;3503;3506;3509;3512;3515,35,H-:N
PAP-2,1666,26083101,103,3518;3521;3524;3527;3530;3533,594,"H-:N,N"
PAP-2,1666,26083101,104,3664;3667;3670;3673;3676;3679,1175,H-:N
PAP-2,1666,26083101,105,3682;3685;3688;3691;3694;3697,167,"H-:C,N"
PAP-2,1666,26083101,106,3700;3703;3706;3709;3712;3715,2584,H-:N
PAP-2,1666,26083101,107,3718;3721;3724;3727;3730;3733,525,H-:C
PAP-2,1666,26083101,108,3736;3739;3742;3745;3748;3751,1583,H-:N
PAP-2,1666,26083101,109,3754;3757;3760;3763;3766;3769,1269,H-:N
PAP-2,1666,26083101,110,3772;3775;3778;3781;3784;3787,1097,H-:N
PAP-2,1666,26083101,111,3790;3793;3796;3799;3802;3805,340,H-:N
PAP-2,1666,26083101,112,3936;3939;3942;3945;3948;3951,308,break:C-N_equivalent
PAP-2,1666,26083101,113,3954;3957;3960;3963;3966;3969,98,"H-:C,N"
PAP-2,1666,26083101,114,3972;3975;3978;3981;3984;3987,44,H-:C
PAP-2,1666,26083101,115,3990;3993;3996;3999;4002;4005,421,"H-:C,N"
PAP-2,1666,26083101,116,4008;4011;4014;4017;4020;4023,1022,H-:N
PAP-2,1666,26083101,117,4026;4029;4032;4035;4038;4041,786,H-:N
PAP-2,1666,26083101,118,4044;4047;4050;4053;4056;4059,518,H-:N
PAP-2,1666,26083101,119,4062;4065;4068;4071;4074;4077,509,H-:N
PAP-2,1666,26083101,120,4208;4211;4214;4217;4220;4223,462,H-:N
PAP-2,1666,26083101,121,4226;4229;4232;4235;4238;4241,1121,H-:N
PAP-2,1666,26083101,122,4244;4247;4250;4253;4256;4259,617,H-:C;break:C-N_equivalent
PAP-2,1666,26083101,123,4262;4265;4268;4271;4274;4277,885,H-:N
PAP-2,1666,26083101,124,4280;4283;4286;4289;4292;4295,446,break:C-N_equivalent
PAP-2,1666,26083101,125,4298;4301;4304;4307;4310;4313,1166,H-:C;break:C-N_equivalent
PAP-2,1666,26083101,126,4316;4319;4322;4325;4328;4331,466,H-:N
PAP-2,1666,26083101,127,4334;4337;4340;4343;4346;4349,29,H-:N
PAP-2,1666,26083101,128,4480;4483;4486;4489;4492;4495,1181,H-:N
PAP-2,1666,26083101,129,4498;4501;4504;4507;4510;4513,1153,H-:N
PAP-2,1666,26083101,130,4516;4519;4522;4525;4528;4531,572,"H-:C,C"
PAP-2,1666,26083101,131,4534;4537;4540;4543;4546;4549,1094,H-:C
PAP-2,1666,26083101,132,4552;4555;4558;4561;4564;4567,226,"H-:C,N"
PAP-2,1666,26083101,133,4570;4573;4576;4579;4582;4585,1015,H-:C
PAP-2,1666,26083101,134,4588;4591;4594;4597;4600;4603,1592,H-:N
PAP-2,1666,26083101,135,4606;4609;4612;4615;4618;4621,812,H-:N
PAP-2,1666,26083101,136,4752;4755;4758;4761;4764;4767,803,H-:N
PAP-2,1666,26083101,137,4770;4773;4776;4779;4782;4785,1393,H-:N
PAP-2,1666,26083101,138,4788;4791;4794;4797;4800;4803,562,H-:N
PAP-2,1666,26083101,139,4806;4809;4812;4815;4818;4821,1823,H-:N
PAP-2,1666,26083101,140,4824;4827;4830;4833;4836;4839,1363,H-:N
PAP-2,1666,26083101,141,4842;4845;4848;4851;4854;4857,848,H-:N
PAP-2,1666,26083101,142,4860;4863;4866;4869;4872;4875,454,H-:C
PAP-2,1666,26083101,143,4878;4881;4884;4887;4890;4893,1026,H-:N
PAP-2,1666,26083101,144,5024;5027;5030;5033;5036;5039,88,"H-:N,N"
PAP-2,1666,26083101,145,5042;5045;5048;5051;5054;5057,947,H-:N
PAP-2,1666,26083101,146,5060;5063;5066;5069;5072;5075,1769,H-:N
PAP-2,1666,26083101,147,5078;5081;5084;5087;5090;5093,836,"H-:C,N"
PAP-2,1666,26083101,148,5096;5099;5102;5105;5108;5111,1174,H-:C
PAP-2,1666,26083101,149,5114;5117;5120;5123;5126;5129,430,H-:N
PAP-2,1666,26083101,150,5132;5135;5138;5141;5144;5147,245,H-:N;break:C-N_equivalent
PAP-2,1666,26083101,151,5150;5153;5156;5159;5162;5165,1197,H-:N
PAP-2,1666,26083101,152,5296;5299;5302;5305;5308;5311,706,H-:C;break:C-N_equivalent
PAP-2,1666,26083101,153,5314;5317;5320;5323;5326;5329,1415,"H-:C,C"
PAP-2,1666,26083101,154,5332;5335;5338;5341;5344;5347,503,H-:C
PAP-2,1666,26083101,155,5350;5353;5356;5359;5362;5365,1248,H-:N;break:C-N_equivalent
PAP-2,1666,26083101,156,5368;5371;5374;5377;5380;5383,1188,H-:C
PAP-2,1666,26083101,157,5386;5389;5392;5395;5398;5401,731,H-:N
PAP-2,1666,26083101,158,5404;5407;5410;5413;5416;5419,1494,H-:N
PAP-2,1666,26083101,159,5422;5425;5428;5431;5434;5437,221,H-:C
PAP-2,1666,26083101,160,5568;5571;5574;5577;5580;5583,631,break:C-N_equivalent
PAP-2,1666,26083101,161,5586;5589;5592;5595;5598;5601,272,H-:N
PAP-2,1666,26083101,162,5604;5607;5610;5613;5616;5619,161,H-:N
PAP-2,1666,26083101,163,5622;5625;5628;5631;5634;5637,759,H-:N
PAP-2,1666,26083101,164,5640;5643;5646;5649;5652;5655,432,H-:N;break:C-N_equivalent
PAP-2,1666,26083101,165,5658;5661;5664;5667;5670;5673,979,H-:N
PAP-2,1666,26083101,166,5676;5679;5682;5685;5688;5691,529,H-:N
PAP-2,1666,26083101,167,5694;5697;5700;5703;5706;5709,547,H-:N
PAP-2,1666,26083101,168,5840;5843;5846;5849;5852;5855,770,break:C-N_equivalent
PAP-2,1666,26083101,169,5858;5861;5864;5867;5870;5873,316,H-:N
PAP-2,1666,26083101,170,5876;5879;5882;5885;5888;5891,469,H-:N
PAP-2,1666,26083101,171,5894;5897;5900;5903;5906;5909,967,H-:N
PAP-2,1666,26083101,172,5912;5915;5918;5921;5924;5927,2149,H-:N
PAP-2,1666,26083101,173,5930;5933;5936;5939;5942;5945,1011,H-:N
PAP-2,1666,26083101,174,5948;5951;5954;5957;5960;5963,1277,H-:N
PAP-2,1666,26083101,175,5966;5969;5972;5975;5978;5981,30,H-:N;break:C-C_equivalent
PAP-2,1666,26083101,176,6112;6115;6118;6121;6124;6127,1417,H-:C
PAP-2,1666,26083101,177,6130;6133;6136;6139;6142;6145,935,break:C-C_equivalent
PAP-2,1666,26083101,178,6148;6151;6154;6157;6160;6163,1212,H-:C
PAP-2,1666,26083101,179,6166;6169;6172;6175;6178;6181,867,H-:N
PAP-2,1666,26083101,180,6184;6187;6190;6193;6196;6199,267,H-:N
PAP-2,1666,26083101,181,6202;6205;6208;6211;6214;6217,666,H-:N
PAP-2,1666,26083101,182,6220;6223;6226;6229;6232;6235,997,H-:N
PAP-2,1666,26083101,183,6238;6241;6244;6247;6250;6253,814,H-:N
PAP-2,1666,26083101,184,6384;6387;6390;6393;6396;6399,257,H-:N
PAP-2,1666,26083101,185,6402;6405;6408;6411;6414;6417,185,H-:N
PAP-2,1666,26083101,186,6420;6423;6426;6429;6432;6435,709,H-:N
PAP-2,1666,26083101,187,6438;6441;6444;6447;6450;6453,378,H-:C
PAP-2,1666,26083101,188,6456;6459;6462;6465;6468;6471,665,H-:C
PAP-2,1666,26083101,189,6474;6477;6480;6483;6486;6489,884,H-:N
PAP-2,1666,26083101,190,6492;6495;6498;6501;6504;6507,874,H-:C
PAP-2,1666,26083101,191,6510;6513;6516;6519;6522;6525,243,H-:C
PAP-2,1666,26083102,0,128;131;134;137;140;143,1285,H-:N
PAP-2,1666,26083102,1,146;149;152;155;158;161,808,H-:N
PAP-2,1666,26083102,2,164;167;170;173;176;179,129,H-:N
PAP-2,1666,26083102,3,182;185;188;191;194;197,1863,H-:N
PAP-2,1666,26083102,4,200;203;206;209;212;215,224,H-:N
PAP-2,1666,26083102,5,218;221;224;227;230;233,992,H-:N
PAP-2,1666,26083102,6,236;239;242;245;248;251,2246,H-:N
PAP-2,1666,26083102,7,254;257;260;263;266;269,414,"H-:C,N"
PAP-2,1666,26083102,8,400;403;406;409;412;415,1268,H-:N
PAP-2,1666,26083102,9,418;421;424;427;430;433,1195,H-:N
PAP-2,1666,26083102,10,436;439;442;445;448;451,870,H-:N
PAP-2,1666,26083102,11,454;457;460;463;466;469,43,H-:N
PAP-2,1666,26083102,12,472;475;478;481;484;487,1000,H-:C
PAP-2,1666,26083102,13,490;493;496;499;502;505,1511,H-:C
PAP-2,1666,26083102,14,508;511;514;517;520;523,1830,H-:N
PAP-2,1666,26083102,15,526;529;532;535;538;541,918,H-:C
PAP-2,1666,26083102,16,672;675;678;681;684;687,250,break:C-N_equivalent
PAP-2,1666,26083102,17,690;693;696;699;702;705,656,H-:N
PAP-2,1666,26083102,18,708;711;714;717;720;723,393,H-:C
PAP-2,1666,26083102,19,726;729;732;735;738;741,2129,H-:N
PAP-2,1666,26083102,20,744;747;750;753;756;759,741,H-:N
PAP-2,1666,26083102,21,762;765;768;771;774;777,1180,break:C-N_equivalent
PAP-2,1666,26083102,22,780;783;786;789;792;795,2050,H-:C
PAP-2,1666,26083102,23,798;801;804;807;810;813,338,H-:N
PAP-2,1666,26083102,24,944;947;950;953;956;959,101,H-:N
PAP-2,1666,26083102,25,962;965;968;971;974;977,550,H-:N
PAP-2,1666,26083102,26,980;983;986;989;992;995,46,H-:N
PAP-2,1666,26083102,27,998;1001;1004;1007;1010;1013,2292,H-:C
PAP-2,1666,26083102,28,1016;1019;1022;1025;1028;1031,373,H-:N
PAP-2,1666,26083102,29,1034;1037;1040;1043;1046;1049,111,H-:N
PAP-2,1666,26083102,30,1052;1055;1058;1061;1064;1067,2367,H-:C
PAP-2,1666,26083102,31,1070;1073;1076;1079;1082;1085,911,break:C-N_equivalent
PAP-2,1666,26083102,32,1216;1219;1222;1225;1228;1231,1124,"H-:C,N"
PAP-2,1666,26083102,33,1234;1237;1240;1243;1246;1249,168,H-:N
PAP-2,1666,26083102,34,1252;1255;1258;1261;1264;1267,195,H-:N
PAP-2,1666,26083102,35,1270;1273;1276;1279;1282;1285,815,H-:C
PAP-2,1666,26083102,36,1288;1291;1294;1297;1300;1303,596,"H-:C,N"
PAP-2,1666,26083102,37,1306;1309;1312;1315;1318;1321,996,H-:C
PAP-2,1666,26083102,38,1324;1327;1330;1333;1336;1339,2283,H-:N
PAP-2,1666,26083102,39,1342;1345;1348;1351;1354;1357,291,H-:N
PAP-2,1666,26083102,40,1488;1491;1494;1497;1500;1503,1860,H-:N
PAP-2,1666,26083102,41,1506;1509;1512;1515;1518;1521,990,H-:N
PAP-2,1666,26083102,42,1524;1527;1530;1533;1536;1539,701,H-:N
PAP-2,1666,26083102,43,1542;1545;1548;1551;1554;1557,797,H-:N
PAP-2,1666,26083102,44,1560;1563;1566;1569;1572;1575,348,H-:C
PAP-2,1666,26083102,45,1578;1581;1584;1587;1590;1593,843,H-:N
PAP-2,1666,26083102,46,1596;1599;1602;1605;1608;1611,962,H-:N
PAP-2,1666,26083102,47,1614;1617;1620;1623;1626;1629,1024,H-:N
PAP-2,1666,26083102,48,1760;1763;1766;1769;1772;1775,1501,"H-:C,N"
PAP-2,1666,26083102,49,1778;1781;1784;1787;1790;1793,477,H-:N
PAP-2,1666,26083102,50,1796;1799;1802;1805;1808;1811,864,H-:N
PAP-2,1666,26083102,51,1814;1817;1820;1823;1826;1829,2189,H-:N
PAP-2,1666,26083102,52,1832;1835;1838;1841;1844;1847,540,H-:N
PAP-2,1666,26083102,53,1850;1853;1856;1859;1862;1865,583,H-:N
PAP-2,1666,26083102,54,1868;1871;1874;1877;1880;1883,626,H-:N
PAP-2,1666,26083102,55,1886;1889;1892;1895;1898;1901,988,"H-:C,N"
PAP-2,1666,26083102,56,2032;2035;2038;2041;2044;2047,2258,H-:N;break:C-C_equivalent
PAP-2,1666,26083102,57,2050;2053;2056;2059;2062;2065,941,H-:C
PAP-2,1666,26083102,58,2068;2071;2074;2077;2080;2083,943,H-:N
PAP-2,1666,26083102,59,2086;2089;2092;2095;2098;2101,2076,H-:N
PAP-2,1666,26083102,60,2104;2107;2110;2113;2116;2119,1795,H-:N
PAP-2,1666,26083102,61,2122;2125;2128;2131;2134;2137,1123,H-:C
PAP-2,1666,26083102,62,2140;2143;2146;2149;2152;2155,382,break:C-N_equivalent
PAP-2,1666,26083102,63,2158;2161;2164;2167;2170;2173,124,H-:N
PAP-2,1666,26083102,64,2304;2307;2310;2313;2316;2319,1590,break:C-N_equivalent
PAP-2,1666,26083102,65,2322;2325;2328;2331;2334;2337,648,H-:N
PAP-2,1666,26083102,66,2340;2343;2346;2349;2352;2355,748,H-:N
PAP-2,1666,26083102,67,2358;2361;2364;2367;2370;2373,996,H-:N
PAP-2,1666,26083102,68,2376;2379;2382;2385;2388;2391,1078,H-:N
PAP-2,1666,26083102,69,2394;2397;2400;2403;2406;2409,1472,H-:N
PAP-2,1666,26083102,70,2412;2415;2418;2421;2424;2427,794,break:C-N_equivalent
PAP-2,1666,26083102,71,2430;2433;2436;2439;2442;2445,498,H-:N
PAP-2,1666,26083102,72,2576;2579;2582;2585;2588;2591,1382,"H-:C,N"
PAP-2,1666,26083102,73,2594;2597;2600;2603;2606;2609,1474,"H-:C,N"
PAP-2,1666,26083102,74,2612;2615;2618;2621;2624;2627,383,H-:C
PAP-2,1666,26083102,75,2630;2633;2636;2639;2642;2645,1117,break:C-N_equivalent
PAP-2,1666,26083102,76,2648;2651;2654;2657;2660;2663,1237,H-:N
PAP-2,1666,26083102,77,2666;2669;2672;2675;2678;2681,471,H-:N
PAP-2,1666,26083102,78,2684;2687;2690;2693;2696;2699,1157,H-:C
PAP-2,1666,26083102,79,2702;2705;2708;2711;2714;2717,500,H-:N
PAP-2,1666,26083102,80,2848;2851;2854;2857;2860;2863,958,H-:N
PAP-2,1666,26083102,81,2866;2869;2872;2875;2878;2881,1120,H-:C
PAP-2,1666,26083102,82,2884;2887;2890;2893;2896;2899,1229,H-:N
PAP-2,1666,26083102,83,2902;2905;2908;2911;2914;2917,994,H-:C
PAP-2,1666,26083102,84,2920;2923;2926;2929;2932;2935,1872,H-:N
PAP-2,1666,26083102,85,2938;2941;2944;2947;2950;2953,1018,H-:N
PAP-2,1666,26083102,86,2956;2959;2962;2965;2968;2971,1025,H-:N
PAP-2,1666,26083102,87,2974;2977;2980;2983;2986;2989,522,H-:C
PAP-2,1666,26083102,88,3120;3123;3126;3129;3132;3135,911,H-:C
PAP-2,1666,26083102,89,3138;3141;3144;3147;3150;3153,2477,H-:N
PAP-2,1666,26083102,90,3156;3159;3162;3165;3168;3171,3020,"H-:N,N"
PAP-2,1666,26083102,91,3174;3177;3180;3183;3186;3189,1715,H-:C
PAP-2,1666,26083102,92,3192;3195;3198;3201;3204;3207,2570,H-:N
PAP-2,1666,26083102,93,3210;3213;3216;3219;3222;3225,863,break:C-N_equivalent
PAP-2,1666,26083102,94,3228;3231;3234;3237;3240;3243,1339,H-:N
PAP-2,1666,26083102,95,3246;3249;3252;3255;3258;3261,194,H-:N
PAP-2,1666,26083102,96,3392;3395;3398;3401;3404;3407,1162,H-:N
PAP-2,1666,26083102,97,3410;3413;3416;3419;3422;3425,2129,H-:N
PAP-2,1666,26083102,98,3428;3431;3434;3437;3440;3443,1438,H-:N
PAP-2,1666,26083102,99,3446;3449;3452;3455;3458;3461,378,H-:C
PAP-2,1666,26083102,100,3464;3467;3470;3473;3476;3479,1519,H-:C
PAP-2,1666,26083102,101,3482;3485;3488;3491;3494;3497,339,H-:N
PAP-2,1666,26083102,102,3500;3503;3506;3509;3512;3515,1105,H-:N
PAP-2,1666,26083102,103,3518;3521;3524;3527;3530;3533,3431,H-:N
PAP-2,1666,26083102,104,3664;3667;3670;3673;3676;3679,2348,H-:N
PAP-2,1666,26083102,105,3682;3685;3688;3691;3694;3697,2263,H-:N
PAP-2,1666,26083102,106,3700;3703;3706;3709;3712;3715,787,H-:N
PAP-2,1666,26083102,107,3718;3721;3724;3727;3730;3733,1043,H-:N
PAP-2,1666,26083102,108,3736;3739;3742;3745;3748;3751,736,H-:N
PAP-2,1666,26083102,109,3754;3757;3760;3763;3766;3769,613,H-:N
PAP-2,1666,26083102,110,3772;3775;3778;3781;3784;3787,144,H-:N
PAP-2,1666,26083102,111,3790;3793;3796;3799;3802;3805,713,H-:N
PAP-2,1666,26083102,112,3936;3939;3942;3945;3948;3951,509,H-:N
PAP-2,1666,26083102,113,3954;3957;3960;3963;3966;3969,564,"H-:C,N"
PAP-2,1666,26083102,114,3972;3975;3978;3981;3984;3987,1854,H-:N
PAP-2,1666,26083102,115,3990;3993;3996;3999;4002;4005,1429,H-:N
PAP-2,1666,26083102,116,4008;4011;4014;4017;4020;4023,1935,break:C-N_equivalent
PAP-2,1666,26083102,117,4026;4029;4032;4035;4038;4041,462,H-:N
PAP-2,1666,26083102,118,4044;4047;4050;4053;4056;4059,1606,H-:N
PAP-2,1666,26083102,119,4062;4065;4068;4071;4074;4077,814,"H-:C,C"
PAP-2,1666,26083102,120,4208;4211;4214;4217;4220;4223,507,H-:N
PAP-2,1666,26083102,121,4226;4229;4232;4235;4238;4241,1999,H-:N
PAP-2,1666,26083102,122,4244;4247;4250;4253;4256;4259,3180,H-:N
PAP-2,1666,26083102,123,4262;4265;4268;4271;4274;4277,601,H-:N
PAP-2,1666,26083102,124,4280;4283;4286;4289;4292;4295,1730,H-:N
PAP-2,1666,26083102,125,4298;4301;4304;4307;4310;4313,1708,"H-:N,N"
PAP-2,1666,26083102,126,4316;4319;4322;4325;4328;4331,839,H-:C
PAP-2,1666,26083102,127,4334;4337;4340;4343;4346;4349,2711,H-:N
PAP-2,1666,26083102,128,4480;4483;4486;4489;4492;4495,1634,H-:N
PAP-2,1666,26083102,129,4498;4501;4504;4507;4510;4513,1085,H-:N
PAP-2,1666,26083102,130,4516;4519;4522;4525;4528;4531,490,H-:N
PAP-2,1666,26083102,131,4534;4537;4540;4543;4546;4549,1100,H-:C
PAP-2,1666,26083102,132,4552;4555;4558;4561;4564;4567,1267,"H-:C,N"
PAP-2,1666,26083102,133,4570;4573;4576;4579;4582;4585,1746,"H-:C,N"
PAP-2,1666,26083102,134,4588;4591;4594;4597;4600;4603,1228,H-:N
PAP-2,1666,26083102,135,4606;4609;4612;4615;4618;4621,1428,H-:N
PAP-2,1666,26083102,136,4752;4755;4758;4761;4764;4767,1421,H-:C
PAP-2,1666,26083102,137,4770;4773;4776;4779;4782;4785,846,"H-:N,N"
PAP-2,1666,26083102,138,4788;4791;4794;4797;4800;4803,516,H-:C
PAP-2,1666,26083102,139,4806;4809;4812;4815;4818;4821,519,H-:N
PAP-2,1666,26083102,140,4824;4827;4830;4833;4836;4839,494,"H-:C,N"
PAP-2,1666,26083102,141,4842;4845;4848;4851;4854;4857,1285,H-:N
PAP-2,1666,26083102,142,4860;4863;4866;4869;4872;4875,464,H-:C
PAP-2,1666,26083102,143,4878;4881;4884;4887;4890;4893,1091,H-:N
PAP-2,1666,26083102,144,5024;5027;5030;5033;5036;5039,466,H-:N
PAP-2,1666,26083102,145,5042;5045;5048;5051;5054;5057,781,"H-:N,N"
PAP-2,1666,26083102,146,5060;5063;5066;5069;5072;5075,257,H-:N
PAP-2,1666,26083102,147,5078;5081;5084;5087;5090;5093,777,break:C-N_equivalent
PAP-2,1666,26083102,148,5096;5099;5102;5105;5108;5111,805,"H-:N,N"
PAP-2,1666,26083102,149,5114;5117;5120;5123;5126;5129,1039,"H-:C,N"
PAP-2,1666,26083102,150,5132;5135;5138;5141;5144;5147,543,H-:N
PAP-2,1666,26083102,151,5150;5153;5156;5159;5162;5165,1010,H-:N
PAP-2,1666,26083102,152,5296;5299;5302;5305;5308;5311,612,H-:N
PAP-2,1666,26083102,153,5314;5317;5320;5323;5326;5329,920,H-:N
PAP-2,1666,26083102,154,5332;5335;5338;5341;5344;5347,1124,H-:C
PAP-2,1666,26083102,155,5350;5353;5356;5359;5362;5365,191,H-:N
PAP-2,1666,26083102,156,5368;5371;5374;5377;5380;5383,1687,H-:N;break:C-N_equivalent
PAP-2,1666,26083102,157,5386;5389;5392;5395;5398;5401,1838,H-:N
PAP-2,1666,26083102,158,5404;5407;5410;5413;5416;5419,373,H-:N
PAP-2,1666,26083102,159,5422;5425;5428;5431;5434;5437,2120,H-:C
PAP-2,1666,26083102,160,5568;5571;5574;5577;5580;5583,1424,H-:C
PAP-2,1666,26083102,161,5586;5589;5592;5595;5598;5601,997,H-:N
PAP-2,1666,26083102,162,5604;5607;5610;5613;5616;5619,317,H-:C
PAP-2,1666,26083102,163,5622;5625;5628;5631;5634;5637,530,H-:N;break:C-N_equivalent
PAP-2,1666,26083102,164,5640;5643;5646;5649;5652;5655,694,H-:C
PAP-2,1666,26083102,165,5658;5661;5664;5667;5670;5673,907,H-:C
PAP-2,1666,26083102,166,5676;5679;5682;5685;5688;5691,1363,H-:N
PAP-2,1666,26083102,167,5694;5697;5700;5703;5706;5709,1218,"H-:C,C"
PAP-2,1666,26083102,168,5840;5843;5846;5849;5852;5855,560,break:C-N_equivalent
PAP-2,1666,26083102,169,5858;5861;5864;5867;5870;5873,711,H-:C
PAP-2,1666,26083102,170,5876;5879;5882;5885;5888;5891,378,break:C-N_equivalent
PAP-2,1666,26083102,171,5894;5897;5900;5903;5906;5909,2001,H-:N
PAP-2,1666,26083102,172,5912;5915;5918;5921;5924;5927,485,H-:N
PAP-2,1666,26083102,173,5930;5933;5936;5939;5942;5945,1915,external:O1
PAP-2,1666,26083102,174,5948;5951;5954;5957;5960;5963,604,break:C-N_equivalent
PAP-2,1666,26083102,175,5966;5969;5972;5975;5978;5981,434,H-:N
PAP-2,1666,26083102,176,6112;6115;6118;6121;6124;6127,832,H-:C
PAP-2,1666,26083102,177,6130;6133;6136;6139;6142;6145,524,H-:N
PAP-2,1666,26083102,178,6148;6151;6154;6157;6160;6163,987,H-:N
PAP-2,1666,26083102,179,6166;6169;6172;6175;6178;6181,1714,H-:N
PAP-2,1666,26083102,180,6184;6187;6190;6193;6196;6199,348,H-:C
PAP-2,1666,26083102,181,6202;6205;6208;6211;6214;6217,340,H-:C
PAP-2,1666,26083102,182,6220;6223;6226;6229;6232;6235,367,H-:N
PAP-2,1666,26083102,183,6238;6241;6244;6247;6250;6253,84,H-:N
PAP-2,1666,26083102,184,6384;6387;6390;6393;6396;6399,1724,"H-:N,N"
PAP-2,1666,26083102,185,6402;6405;6408;6411;6414;6417,332,H-:N
PAP-2,1666,26083102,186,6420;6423;6426;6429;6432;6435,556,H-:N
PAP-2,1666,26083102,187,6438;6441;6444;6447;6450;6453,2737,H-:N
PAP-2,1666,26083102,188,6456;6459;6462;6465;6468;6471,956,H-:C
PAP-2,1666,26083102,189,6474;6477;6480;6483;6486;6489,114,H-:N
PAP-2,1666,26083102,190,6492;6495;6498;6501;6504;6507,2672,H-:N
PAP-2,1666,26083102,191,6510;6513;6516;6519;6522;6525,93,H-:N
PAP-2,1666,26083103,0,128;131;134;137;140;143,297,H-:N
PAP-2,1666,26083103,1,146;149;152;155;158;161,1978,break:C-N_equivalent
PAP-2,1666,26083103,2,164;167;170;173;176;179,70,H-:N
PAP-2,1666,26083103,3,182;185;188;191;194;197,1435,H-:N
PAP-2,1666,26083103,4,200;203;206;209;212;215,673,H-:N
PAP-2,1666,26083103,5,218;221;224;227;230;233,1473,H-:N
PAP-2,1666,26083103,6,236;239;242;245;248;251,1640,H-:N
PAP-2,1666,26083103,7,254;257;260;263;266;269,966,H-:N
PAP-2,1666,26083103,8,400;403;406;409;412;415,845,break:C-N_equivalent
PAP-2,1666,26083103,9,418;421;424;427;430;433,1057,"H-:C,N,N,N"
PAP-2,1666,26083103,10,436;439;442;445;448;451,1021,H-:N
PAP-2,1666,26083103,11,454;457;460;463;466;469,827,H-:C
PAP-2,1666,26083103,12,472;475;478;481;484;487,499,"H-:C,N"
PAP-2,1666,26083103,13,490;493;496;499;502;505,605,H-:N
PAP-2,1666,26083103,14,508;511;514;517;520;523,466,H-:N
PAP-2,1666,26083103,15,526;529;532;535;538;541,1751,H-:N;break:C-N_equivalent
PAP-2,1666,26083103,16,672;675;678;681;684;687,683,H-:C
PAP-2,1666,26083103,17,690;693;696;699;702;705,443,H-:N
PAP-2,1666,26083103,18,708;711;714;717;720;723,1405,H-:N
PAP-2,1666,26083103,19,726;729;732;735;738;741,1852,break:C-N_equivalent
PAP-2,1666,26083103,20,744;747;750;753;756;759,1529,H-:C
PAP-2,1666,26083103,21,762;765;768;771;774;777,1464,H-:N
PAP-2,1666,26083103,22,780;783;786;789;792;795,1309,H-:C
PAP-2,1666,26083103,23,798;801;804;807;810;813,2032,H-:C
PAP-2,1666,26083103,24,944;947;950;953;956;959,1207,H-:N
PAP-2,1666,26083103,25,962;965;968;971;974;977,1319,"H-:C,N"
PAP-2,1666,26083103,26,980;983;986;989;992;995,1040,H-:N
PAP-2,1666,26083103,27,998;1001;1004;1007;1010;1013,885,"H-:N,N"
PAP-2,1666,26083103,28,1016;1019;1022;1025;1028;1031,1953,H-:N
PAP-2,1666,26083103,29,1034;1037;1040;1043;1046;1049,1420,H-:N
PAP-2,1666,26083103,30,1052;1055;1058;1061;1064;1067,1613,H-:N;break:C-N_equivalent
PAP-2,1666,26083103,31,1070;1073;1076;1079;1082;1085,1959,H-:N
PAP-2,1666,26083103,32,1216;1219;1222;1225;1228;1231,1523,"H-:N,N"
PAP-2,1666,26083103,33,1234;1237;1240;1243;1246;1249,1047,H-:N
PAP-2,1666,26083103,34,1252;1255;1258;1261;1264;1267,462,H-:N
PAP-2,1666,26083103,35,1270;1273;1276;1279;1282;1285,1454,H-:C
PAP-2,1666,26083103,36,1288;1291;1294;1297;1300;1303,1932,H-:N
PAP-2,1666,26083103,37,1306;1309;1312;1315;1318;1321,940,"H-:C,N"
PAP-2,1666,26083103,38,1324;1327;1330;1333;1336;1339,1216,H-:N
PAP-2,1666,26083103,39,1342;1345;1348;1351;1354;1357,936,H-:N
PAP-2,1666,26083103,40,1488;1491;1494;1497;1500;1503,146,H-:N
PAP-2,1666,26083103,41,1506;1509;1512;1515;1518;1521,1138,H-:C
PAP-2,1666,26083103,42,1524;1527;1530;1533;1536;1539,303,H-:N
PAP-2,1666,26083103,43,1542;1545;1548;1551;1554;1557,1476,H-:N
PAP-2,1666,26083103,44,1560;1563;1566;1569;1572;1575,495,H-:N
PAP-2,1666,26083103,45,1578;1581;1584;1587;1590;1593,546,"H-:N,N"
PAP-2,1666,26083103,46,1596;1599;1602;1605;1608;1611,1118,H-:N
PAP-2,1666,26083103,47,1614;1617;1620;1623;1626;1629,189,H-:N
PAP-2,1666,26083103,48,1760;1763;1766;1769;1772;1775,1986,H-:C
PAP-2,1666,26083103,49,1778;1781;1784;1787;1790;1793,520,H-:N
PAP-2,1666,26083103,50,1796;1799;1802;1805;1808;1811,1293,H-:N
PAP-2,1666,26083103,51,1814;1817;1820;1823;1826;1829,858,break:C-N_equivalent
PAP-2,1666,26083103,52,1832;1835;1838;1841;1844;1847,596,"H-:C,N"
PAP-2,1666,26083103,53,1850;1853;1856;1859;1862;1865,725,H-:C
PAP-2,1666,26083103,54,1868;1871;1874;1877;1880;1883,607,H-:N
PAP-2,1666,26083103,55,1886;1889;1892;1895;1898;1901,1260,H-:N
PAP-2,1666,26083103,56,2032;2035;2038;2041;2044;2047,592,H-:C
PAP-2,1666,26083103,57,2050;2053;2056;2059;2062;2065,1047,H-:C
PAP-2,1666,26083103,58,2068;2071;2074;2077;2080;2083,864,H-:C
PAP-2,1666,26083103,59,2086;2089;2092;2095;2098;2101,222,H-:N
PAP-2,1666,26083103,60,2104;2107;2110;2113;2116;2119,1396,H-:N
PAP-2,1666,26083103,61,2122;2125;2128;2131;2134;2137,1371,H-:N
PAP-2,1666,26083103,62,2140;2143;2146;2149;2152;2155,1163,H-:C
PAP-2,1666,26083103,63,2158;2161;2164;2167;2170;2173,805,H-:N
PAP-2,1666,26083103,64,2304;2307;2310;2313;2316;2319,882,H-:N
PAP-2,1666,26083103,65,2322;2325;2328;2331;2334;2337,1830,H-:N
PAP-2,1666,26083103,66,2340;2343;2346;2349;2352;2355,171,H-:C
PAP-2,1666,26083103,67,2358;2361;2364;2367;2370;2373,713,H-:N
PAP-2,1666,26083103,68,2376;2379;2382;2385;2388;2391,1050,H-:C
PAP-2,1666,26083103,69,2394;2397;2400;2403;2406;2409,18,H-:C
PAP-2,1666,26083103,70,2412;2415;2418;2421;2424;2427,1164,H-:N
PAP-2,1666,26083103,71,2430;2433;2436;2439;2442;2445,780,H-:C
PAP-2,1666,26083103,72,2576;2579;2582;2585;2588;2591,270,"H-:N,N"
PAP-2,1666,26083103,73,2594;2597;2600;2603;2606;2609,1448,H-:N
PAP-2,1666,26083103,74,2612;2615;2618;2621;2624;2627,519,H-:C
PAP-2,1666,26083103,75,2630;2633;2636;2639;2642;2645,486,H-:N
PAP-2,1666,26083103,76,2648;2651;2654;2657;2660;2663,297,H-:N
PAP-2,1666,26083103,77,2666;2669;2672;2675;2678;2681,984,"H-:C,N"
PAP-2,1666,26083103,78,2684;2687;2690;2693;2696;2699,714,break:C-N_equivalent
PAP-2,1666,26083103,79,2702;2705;2708;2711;2714;2717,320,H-:N
PAP-2,1666,26083103,80,2848;2851;2854;2857;2860;2863,1167,"H-:N,N"
PAP-2,1666,26083103,81,2866;2869;2872;2875;2878;2881,341,H-:C
PAP-2,1666,26083103,82,2884;2887;2890;2893;2896;2899,786,H-:C
PAP-2,1666,26083103,83,2902;2905;2908;2911;2914;2917,242,"H-:C,N"
PAP-2,1666,26083103,84,2920;2923;2926;2929;2932;2935,919,H-:N
PAP-2,1666,26083103,85,2938;2941;2944;2947;2950;2953,332,H-:N;break:C-N_equivalent
PAP-2,1666,26083103,86,2956;2959;2962;2965;2968;2971,218,H-:N
PAP-2,1666,26083103,87,2974;2977;2980;2983;2986;2989,106,H-:N
PAP-2,1666,26083103,88,3120;3123;3126;3129;3132;3135,433,H-:N
PAP-2,1666,26083103,89,3138;3141;3144;3147;3150;3153,1804,H-:C
PAP-2,1666,26083103,90,3156;3159;3162;3165;3168;3171,1169,H-:N
PAP-2,1666,26083103,91,3174;3177;3180;3183;3186;3189,241,H-:N
PAP-2,1666,26083103,92,3192;3195;3198;3201;3204;3207,1652,H-:N
PAP-2,1666,26083103,93,3210;3213;3216;3219;3222;3225,356,H-:N
PAP-2,1666,26083103,94,3228;3231;3234;3237;3240;3243,682,H-:N
PAP-2,1666,26083103,95,3246;3249;3252;3255;3258;3261,1303,H-:N
PAP-2,1666,26083103,96,3392;3395;3398;3401;3404;3407,776,H-:C
PAP-2,1666,26083103,97,3410;3413;3416;3419;3422;3425,1507,H-:C
PAP-2,1666,26083103,98,3428;3431;3434;3437;3440;3443,449,H-:N
PAP-2,1666,26083103,99,3446;3449;3452;3455;3458;3461,337,H-:N
PAP-2,1666,26083103,100,3464;3467;3470;3473;3476;3479,430,H-:N
PAP-2,1666,26083103,101,3482;3485;3488;3491;3494;3497,159,H-:N
PAP-2,1666,26083103,102,3500;3503;3506;3509;3512;3515,477,H-:N
PAP-2,1666,26083103,103,3518;3521;3524;3527;3530;3533,90,H-:N
PAP-2,1666,26083103,104,3664;3667;3670;3673;3676;3679,809,"H-:C,C,N;break:C-N_equivalent"
PAP-2,1666,26083103,105,3682;3685;3688;3691;3694;3697,1271,H-:N
PAP-2,1666,26083103,106,3700;3703;3706;3709;3712;3715,1359,H-:N
PAP-2,1666,26083103,107,3718;3721;3724;3727;3730;3733,1352,H-:C
PAP-2,1666,26083103,108,3736;3739;3742;3745;3748;3751,680,"H-:C,N"
PAP-2,1666,26083103,109,3754;3757;3760;3763;3766;3769,1133,H-:N
PAP-2,1666,26083103,110,3772;3775;3778;3781;3784;3787,991,H-:N
PAP-2,1666,26083103,111,3790;3793;3796;3799;3802;3805,504,H-:N
PAP-2,1666,26083103,112,3936;3939;3942;3945;3948;3951,345,H-:C
PAP-2,1666,26083103,113,3954;3957;3960;3963;3966;3969,365,H-:N
PAP-2,1666,26083103,114,3972;3975;3978;3981;3984;3987,1316,H-:N
PAP-2,1666,26083103,115,3990;3993;3996;3999;4002;4005,760,H-:N
PAP-2,1666,26083103,116,4008;4011;4014;4017;4020;4023,1329,H-:N
PAP-2,1666,26083103,117,4026;4029;4032;4035;4038;4041,905,H-:N
PAP-2,1666,26083103,118,4044;4047;4050;4053;4056;4059,1644,H-:N
PAP-2,1666,26083103,119,4062;4065;4068;4071;4074;4077,1031,H-:C
PAP-2,1666,26083103,120,4208;4211;4214;4217;4220;4223,341,H-:N
PAP-2,1666,26083103,121,4226;4229;4232;4235;4238;4241,1328,"H-:C,N"
PAP-2,1666,26083103,122,4244;4247;4250;4253;4256;4259,744,H-:C
PAP-2,1666,26083103,123,4262;4265;4268;4271;4274;4277,1327,"H-:C,N"
PAP-2,1666,26083103,124,4280;4283;4286;4289;4292;4295,1498,"H-:C;break:C-N_equivalent,C-N_equivalent;fragments:2"
PAP-2,1666,26083103,125,4298;4301;4304;4307;4310;4313,338,H-:C
PAP-2,1666,26083103,126,4316;4319;4322;4325;4328;4331,545,H-:N
PAP-2,1666,26083103,127,4334;4337;4340;4343;4346;4349,1083,"H-:C,C"
PAP-2,1666,26083103,128,4480;4483;4486;4489;4492;4495,693,break:C-N_equivalent
PAP-2,1666,26083103,129,4498;4501;4504;4507;4510;4513,1224,H-:N
PAP-2,1666,26083103,130,4516;4519;4522;4525;4528;4531,773,H-:N
PAP-2,1666,26083103,131,4534;4537;4540;4543;4546;4549,683,H-:N
PAP-2,1666,26083103,132,4552;4555;4558;4561;4564;4567,1698,H-:C
PAP-2,1666,26083103,133,4570;4573;4576;4579;4582;4585,1533,H-:C
PAP-2,1666,26083103,134,4588;4591;4594;4597;4600;4603,376,"break:C-N_equivalent,C-N_equivalent;fragments:2"
PAP-2,1666,26083103,135,4606;4609;4612;4615;4618;4621,1102,H-:N
PAP-2,1666,26083103,136,4752;4755;4758;4761;4764;4767,2130,"H-:N,N"
PAP-2,1666,26083103,137,4770;4773;4776;4779;4782;4785,1546,H-:C
PAP-2,1666,26083103,138,4788;4791;4794;4797;4800;4803,1836,H-:N
PAP-2,1666,26083103,139,4806;4809;4812;4815;4818;4821,299,H-:N
PAP-2,1666,26083103,140,4824;4827;4830;4833;4836;4839,1311,H-:N
PAP-2,1666,26083103,141,4842;4845;4848;4851;4854;4857,2493,"H-:N,N"
PAP-2,1666,26083103,142,4860;4863;4866;4869;4872;4875,622,H-:N
PAP-2,1666,26083103,143,4878;4881;4884;4887;4890;4893,968,H-:N
PAP-2,1666,26083103,144,5024;5027;5030;5033;5036;5039,1074,H-:N
PAP-2,1666,26083103,145,5042;5045;5048;5051;5054;5057,547,H-:N
PAP-2,1666,26083103,146,5060;5063;5066;5069;5072;5075,585,"H-:C,N"
PAP-2,1666,26083103,147,5078;5081;5084;5087;5090;5093,854,H-:N
PAP-2,1666,26083103,148,5096;5099;5102;5105;5108;5111,419,H-:N
PAP-2,1666,26083103,149,5114;5117;5120;5123;5126;5129,230,H-:N
PAP-2,1666,26083103,150,5132;5135;5138;5141;5144;5147,177,"H-:N,N"
PAP-2,1666,26083103,151,5150;5153;5156;5159;5162;5165,751,H-:C
PAP-2,1666,26083103,152,5296;5299;5302;5305;5308;5311,393,H-:N
PAP-2,1666,26083103,153,5314;5317;5320;5323;5326;5329,675,H-:N
PAP-2,1666,26083103,154,5332;5335;5338;5341;5344;5347,417,H-:C
PAP-2,1666,26083103,155,5350;5353;5356;5359;5362;5365,206,H-:N
PAP-2,1666,26083103,156,5368;5371;5374;5377;5380;5383,194,H-:N
PAP-2,1666,26083103,157,5386;5389;5392;5395;5398;5401,154,H-:N
PAP-2,1666,26083103,158,5404;5407;5410;5413;5416;5419,397,"H-:C,N"
PAP-2,1666,26083103,159,5422;5425;5428;5431;5434;5437,387,H-:N
PAP-2,1666,26083103,160,5568;5571;5574;5577;5580;5583,1516,H-:N
PAP-2,1666,26083103,161,5586;5589;5592;5595;5598;5601,1309,"H-:C,N"
PAP-2,1666,26083103,162,5604;5607;5610;5613;5616;5619,484,H-:N
PAP-2,1666,26083103,163,5622;5625;5628;5631;5634;5637,378,H-:N
PAP-2,1666,26083103,164,5640;5643;5646;5649;5652;5655,924,"H-:C,N"
PAP-2,1666,26083103,165,5658;5661;5664;5667;5670;5673,870,H-:N
PAP-2,1666,26083103,166,5676;5679;5682;5685;5688;5691,2110,H-:N
PAP-2,1666,26083103,167,5694;5697;5700;5703;5706;5709,894,H-:C;break:C-N_equivalent
PAP-2,1666,26083103,168,5840;5843;5846;5849;5852;5855,1594,H-:N
PAP-2,1666,26083103,169,5858;5861;5864;5867;5870;5873,2257,H-:N
PAP-2,1666,26083103,170,5876;5879;5882;5885;5888;5891,901,H-:N
PAP-2,1666,26083103,171,5894;5897;5900;5903;5906;5909,752,H-:N
PAP-2,1666,26083103,172,5912;5915;5918;5921;5924;5927,427,H-:C
PAP-2,1666,26083103,173,5930;5933;5936;5939;5942;5945,1104,H-:N
PAP-2,1666,26083103,174,5948;5951;5954;5957;5960;5963,403,H-:C
PAP-2,1666,26083103,175,5966;5969;5972;5975;5978;5981,740,"H-:C,N"
PAP-2,1666,26083103,176,6112;6115;6118;6121;6124;6127,1099,H-:N
PAP-2,1666,26083103,177,6130;6133;6136;6139;6142;6145,202,H-:N
PAP-2,1666,26083103,178,6148;6151;6154;6157;6160;6163,819,H-:C
PAP-2,1666,26083103,179,6166;6169;6172;6175;6178;6181,105,H-:N
PAP-2,1666,26083103,180,6184;6187;6190;6193;6196;6199,128,break:C-N_equivalent
PAP-2,1666,26083103,181,6202;6205;6208;6211;6214;6217,1215,"H-:C,N"
PAP-2,1666,26083103,182,6220;6223;6226;6229;6232;6235,1137,H-:N
PAP-2,1666,26083103,183,6238;6241;6244;6247;6250;6253,620,H-:N
PAP-2,1666,26083103,184,6384;6387;6390;6393;6396;6399,507,H-:C
PAP-2,1666,26083103,185,6402;6405;6408;6411;6414;6417,492,H-:C
PAP-2,1666,26083103,186,6420;6423;6426;6429;6432;6435,1084,H-:N
PAP-2,1666,26083103,187,6438;6441;6444;6447;6450;6453,1813,H-:N
PAP-2,1666,26083103,188,6456;6459;6462;6465;6468;6471,1386,H-:N
PAP-2,1666,26083103,189,6474;6477;6480;6483;6486;6489,373,break:C-N_equivalent
PAP-2,1666,26083103,190,6492;6495;6498;6501;6504;6507,158,H-:N
PAP-2,1666,26083103,191,6510;6513;6516;6519;6522;6525,247,H-:N
PAP-H2,1666,26083101,0,128;131;134;137;140;143;146,1563,H-:N
PAP-H2,1666,26083101,1,149;152;155;158;161;164;167,1035,H-:N
PAP-H2,1666,26083101,2,170;173;176;179;182;185;188,1767,H-:N
PAP-H2,1666,26083101,3,191;194;197;200;203;206;209,318,H-:N
PAP-H2,1666,26083101,4,212;215;218;221;224;227;230,425,break:C-N_short_arc
PAP-H2,1666,26083101,5,233;236;239;242;245;248;251,1309,H-:C_long_alpha;break:C-N_short_arc
PAP-H2,1666,26083101,6,254;257;260;263;266;269;272,257,H-:N
PAP-H2,1666,26083101,7,275;278;281;284;287;290;293,3327,"CN_inventory:C7,N3"
PAP-H2,1666,26083101,8,424;427;430;433;436;439;442,1482,H-:N
PAP-H2,1666,26083101,9,445;448;451;454;457;460;463,1268,H-:C_short_alpha
PAP-H2,1666,26083101,10,466;469;472;475;478;481;484,1678,H-:N
PAP-H2,1666,26083101,11,487;490;493;496;499;502;505,976,"H-:N,N"
PAP-H2,1666,26083101,12,508;511;514;517;520;523;526,393,H-:N
PAP-H2,1666,26083101,13,529;532;535;538;541;544;547,1528,H-:N
PAP-H2,1666,26083101,14,550;553;556;559;562;565;568,841,H-:N;break:C-N_long_arc
PAP-H2,1666,26083101,15,571;574;577;580;583;586;589,246,H-:N
PAP-H2,1666,26083101,16,720;723;726;729;732;735;738,1840,H-:N
PAP-H2,1666,26083101,17,741;744;747;750;753;756;759,1268,H-:C_short_alpha
PAP-H2,1666,26083101,18,762;765;768;771;774;777;780,1075,external:O1
PAP-H2,1666,26083101,19,783;786;789;792;795;798;801,391,"H-:C_long_alpha,N"
PAP-H2,1666,26083101,20,804;807;810;813;816;819;822,1531,"CN_inventory:C10,N4"
PAP-H2,1666,26083101,21,825;828;831;834;837;840;843,775,"H-:C_long_alpha,N;break:C-C_long_arc"
PAP-H2,1666,26083101,22,846;849;852;855;858;861;864,1496,H-:C_short_alpha;break:C-C_long_arc
PAP-H2,1666,26083101,23,867;870;873;876;879;882;885,1282,H-:C_long_alpha
PAP-H2,1666,26083101,24,1016;1019;1022;1025;1028;1031;1034,40,H-:N
PAP-H2,1666,26083101,25,1037;1040;1043;1046;1049;1052;1055,1360,H-:N
PAP-H2,1666,26083101,26,1058;1061;1064;1067;1070;1073;1076,72,H-:N
PAP-H2,1666,26083101,27,1079;1082;1085;1088;1091;1094;1097,1196,H-:N
PAP-H2,1666,26083101,28,1100;1103;1106;1109;1112;1115;1118,1222,H-:C_short_alpha
PAP-H2,1666,26083101,29,1121;1124;1127;1130;1133;1136;1139,126,H-:C_short_alpha
PAP-H2,1666,26083101,30,1142;1145;1148;1151;1154;1157;1160,2309,H-:N
PAP-H2,1666,26083101,31,1163;1166;1169;1172;1175;1178;1181,117,H-:N
PAP-H2,1666,26083101,32,1312;1315;1318;1321;1324;1327;1330,32,H-:N;break:C-N_long_arc
PAP-H2,1666,26083101,33,1333;1336;1339;1342;1345;1348;1351,1042,H-:N
PAP-H2,1666,26083101,34,1354;1357;1360;1363;1366;1369;1372,2552,H-:N
PAP-H2,1666,26083101,35,1375;1378;1381;1384;1387;1390;1393,543,H-:C_short_alpha
PAP-H2,1666,26083101,36,1396;1399;1402;1405;1408;1411;1414,63,"H-:C_long_alpha,N"
PAP-H2,1666,26083101,37,1417;1420;1423;1426;1429;1432;1435,1363,H-:C_short_alpha
PAP-H2,1666,26083101,38,1438;1441;1444;1447;1450;1453;1456,1512,"H-:C_long_alpha,N"
PAP-H2,1666,26083101,39,1459;1462;1465;1468;1471;1474;1477,2809,H-:N
PAP-H2,1666,26083101,40,1608;1611;1614;1617;1620;1623;1626,161,H-:N
PAP-H2,1666,26083101,41,1629;1632;1635;1638;1641;1644;1647,856,H-:N
PAP-H2,1666,26083101,42,1650;1653;1656;1659;1662;1665;1668,951,H-:N
PAP-H2,1666,26083101,43,1671;1674;1677;1680;1683;1686;1689,219,break:C-N_long_arc
PAP-H2,1666,26083101,44,1692;1695;1698;1701;1704;1707;1710,503,H-:N
PAP-H2,1666,26083101,45,1713;1716;1719;1722;1725;1728;1731,690,H-:C_long_alpha
PAP-H2,1666,26083101,46,1734;1737;1740;1743;1746;1749;1752,527,"H-:C_long_alpha,N"
PAP-H2,1666,26083101,47,1755;1758;1761;1764;1767;1770;1773,766,H-:N
PAP-H2,1666,26083101,48,1904;1907;1910;1913;1916;1919;1922,2451,H-:N
PAP-H2,1666,26083101,49,1925;1928;1931;1934;1937;1940;1943,1467,H-:C_short_alpha
PAP-H2,1666,26083101,50,1946;1949;1952;1955;1958;1961;1964,1825,"H-:C_long_alpha,N;break:C-N_short_arc"
PAP-H2,1666,26083101,51,1967;1970;1973;1976;1979;1982;1985,458,H-:N
PAP-H2,1666,26083101,52,1988;1991;1994;1997;2000;2003;2006,364,H-:C_long_beta
PAP-H2,1666,26083101,53,2009;2012;2015;2018;2021;2024;2027,970,H-:N;break:C-N_short_arc
PAP-H2,1666,26083101,54,2030;2033;2036;2039;2042;2045;2048,1966,"H-:C_short_alpha,N"
PAP-H2,1666,26083101,55,2051;2054;2057;2060;2063;2066;2069,1887,H-:N
PAP-H2,1666,26083101,56,2200;2203;2206;2209;2212;2215;2218,1847,H-:C_long_alpha
PAP-H2,1666,26083101,57,2221;2224;2227;2230;2233;2236;2239,627,H-:C_long_beta
PAP-H2,1666,26083101,58,2242;2245;2248;2251;2254;2257;2260,829,H-:C_long_alpha
PAP-H2,1666,26083101,59,2263;2266;2269;2272;2275;2278;2281,1822,H-:N
PAP-H2,1666,26083101,60,2284;2287;2290;2293;2296;2299;2302,1624,H-:N;break:C-C_short_arc
PAP-H2,1666,26083101,61,2305;2308;2311;2314;2317;2320;2323,63,H-:N
PAP-H2,1666,26083101,62,2326;2329;2332;2335;2338;2341;2344,1947,H-:N
PAP-H2,1666,26083101,63,2347;2350;2353;2356;2359;2362;2365,2042,H-:N
PAP-H2,1666,26083101,64,2496;2499;2502;2505;2508;2511;2514,600,H-:N
PAP-H2,1666,26083101,65,2517;2520;2523;2526;2529;2532;2535,1508,H-:N
PAP-H2,1666,26083101,66,2538;2541;2544;2547;2550;2553;2556,2170,H-:C_long_alpha
PAP-H2,1666,26083101,67,2559;2562;2565;2568;2571;2574;2577,805,H-:N
PAP-H2,1666,26083101,68,2580;2583;2586;2589;2592;2595;2598,1443,H-:N
PAP-H2,1666,26083101,69,2601;2604;2607;2610;2613;2616;2619,2287,H-:N
PAP-H2,1666,26083101,70,2622;2625;2628;2631;2634;2637;2640,830,H-:C_long_beta
PAP-H2,1666,26083101,71,2643;2646;2649;2652;2655;2658;2661,1755,H-:C_long_beta
PAP-H2,1666,26083101,72,2792;2795;2798;2801;2804;2807;2810,687,H-:C_long_alpha
PAP-H2,1666,26083101,73,2813;2816;2819;2822;2825;2828;2831,2077,"H-:N,N"
PAP-H2,1666,26083101,74,2834;2837;2840;2843;2846;2849;2852,1597,"H-:C_short_alpha,N"
PAP-H2,1666,26083101,75,2855;2858;2861;2864;2867;2870;2873,485,H-:C_long_beta
PAP-H2,1666,26083101,76,2876;2879;2882;2885;2888;2891;2894,1356,H-:N
PAP-H2,1666,26083101,77,2897;2900;2903;2906;2909;2912;2915,548,"H-:C_long_alpha,N"
PAP-H2,1666,26083101,78,2918;2921;2924;2927;2930;2933;2936,1586,H-:N
PAP-H2,1666,26083101,79,2939;2942;2945;2948;2951;2954;2957,2231,H-:C_short_alpha
PAP-H2,1666,26083101,80,3088;3091;3094;3097;3100;3103;3106,459,"H-:C_long_alpha,N"
PAP-H2,1666,26083101,81,3109;3112;3115;3118;3121;3124;3127,2544,H-:N
PAP-H2,1666,26083101,82,3130;3133;3136;3139;3142;3145;3148,1079,H-:N
PAP-H2,1666,26083101,83,3151;3154;3157;3160;3163;3166;3169,2399,H-:C_short_alpha
PAP-H2,1666,26083101,84,3172;3175;3178;3181;3184;3187;3190,3344,H-:N
PAP-H2,1666,26083101,85,3193;3196;3199;3202;3205;3208;3211,2284,"H-:C_long_alpha,C_long_beta,N"
PAP-H2,1666,26083101,86,3214;3217;3220;3223;3226;3229;3232,1279,H-:N
PAP-H2,1666,26083101,87,3235;3238;3241;3244;3247;3250;3253,105,"break:C-N_short_arc,C-N_short_arc;fragments:2"
PAP-H2,1666,26083101,88,3384;3387;3390;3393;3396;3399;3402,1417,H-:N
PAP-H2,1666,26083101,89,3405;3408;3411;3414;3417;3420;3423,29,H-:C_short_alpha
PAP-H2,1666,26083101,90,3426;3429;3432;3435;3438;3441;3444,530,"H-:N,N"
PAP-H2,1666,26083101,91,3447;3450;3453;3456;3459;3462;3465,108,H-:N
PAP-H2,1666,26083101,92,3468;3471;3474;3477;3480;3483;3486,534,H-:N
PAP-H2,1666,26083101,93,3489;3492;3495;3498;3501;3504;3507,1832,H-:N
PAP-H2,1666,26083101,94,3510;3513;3516;3519;3522;3525;3528,1363,H-:N
PAP-H2,1666,26083101,95,3531;3534;3537;3540;3543;3546;3549,893,"break:C-N_short_arc,C-N_short_arc;fragments:2"
PAP-H2,1666,26083101,96,3680;3683;3686;3689;3692;3695;3698,1158,H-:N
PAP-H2,1666,26083101,97,3701;3704;3707;3710;3713;3716;3719,569,"H-:C_short_alpha,N"
PAP-H2,1666,26083101,98,3722;3725;3728;3731;3734;3737;3740,1908,H-:N
PAP-H2,1666,26083101,99,3743;3746;3749;3752;3755;3758;3761,1287,H-:N
PAP-H2,1666,26083101,100,3764;3767;3770;3773;3776;3779;3782,601,H-:N
PAP-H2,1666,26083101,101,3785;3788;3791;3794;3797;3800;3803,1375,"H-:C_long_alpha,N"
PAP-H2,1666,26083101,102,3806;3809;3812;3815;3818;3821;3824,825,"H-:C_long_alpha,C_long_beta"
PAP-H2,1666,26083101,103,3827;3830;3833;3836;3839;3842;3845,1043,H-:N
PAP-H2,1666,26083101,104,3976;3979;3982;3985;3988;3991;3994,1012,H-:N
PAP-H2,1666,26083101,105,3997;4000;4003;4006;4009;4012;4015,2061,H-:C_short_alpha
PAP-H2,1666,26083101,106,4018;4021;4024;4027;4030;4033;4036,1091,H-:N
PAP-H2,1666,26083101,107,4039;4042;4045;4048;4051;4054;4057,331,H-:N
PAP-H2,1666,26083101,108,4060;4063;4066;4069;4072;4075;4078,1424,H-:N
PAP-H2,1666,26083101,109,4081;4084;4087;4090;4093;4096;4099,1065,H-:N
PAP-H2,1666,26083101,110,4102;4105;4108;4111;4114;4117;4120,2168,H-:N
PAP-H2,1666,26083101,111,4123;4126;4129;4132;4135;4138;4141,1007,break:C-N_long_arc
PAP-H2,1666,26083101,112,4272;4275;4278;4281;4284;4287;4290,266,H-:N
PAP-H2,1666,26083101,113,4293;4296;4299;4302;4305;4308;4311,1221,H-:C_long_beta
PAP-H2,1666,26083101,114,4314;4317;4320;4323;4326;4329;4332,1180,"H-:C_long_alpha,N"
PAP-H2,1666,26083101,115,4335;4338;4341;4344;4347;4350;4353,2926,"H-:C_short_alpha,N"
PAP-H2,1666,26083101,116,4356;4359;4362;4365;4368;4371;4374,3306,H-:N
PAP-H2,1666,26083101,117,4377;4380;4383;4386;4389;4392;4395,501,H-:N
PAP-H2,1666,26083101,118,4398;4401;4404;4407;4410;4413;4416,2309,H-:C_long_alpha
PAP-H2,1666,26083101,119,4419;4422;4425;4428;4431;4434;4437,919,H-:C_short_alpha
PAP-H2,1666,26083101,120,4568;4571;4574;4577;4580;4583;4586,1572,H-:N
PAP-H2,1666,26083101,121,4589;4592;4595;4598;4601;4604;4607,1404,H-:N
PAP-H2,1666,26083101,122,4610;4613;4616;4619;4622;4625;4628,633,H-:N
PAP-H2,1666,26083101,123,4631;4634;4637;4640;4643;4646;4649,721,break:C-C_long_arc
PAP-H2,1666,26083101,124,4652;4655;4658;4661;4664;4667;4670,38,H-:N
PAP-H2,1666,26083101,125,4673;4676;4679;4682;4685;4688;4691,1420,"H-:C_short_alpha,N"
PAP-H2,1666,26083101,126,4694;4697;4700;4703;4706;4709;4712,1382,H-:N
PAP-H2,1666,26083101,127,4715;4718;4721;4724;4727;4730;4733,1181,H-:C_short_alpha
PAP-H2,1666,26083101,128,4864;4867;4870;4873;4876;4879;4882,83,H-:N
PAP-H2,1666,26083101,129,4885;4888;4891;4894;4897;4900;4903,671,H-:N
PAP-H2,1666,26083101,130,4906;4909;4912;4915;4918;4921;4924,684,H-:C_long_beta
PAP-H2,1666,26083101,131,4927;4930;4933;4936;4939;4942;4945,1575,H-:N
PAP-H2,1666,26083101,132,4948;4951;4954;4957;4960;4963;4966,1678,H-:C_short_alpha
PAP-H2,1666,26083101,133,4969;4972;4975;4978;4981;4984;4987,963,H-:C_long_alpha
PAP-H2,1666,26083101,134,4990;4993;4996;4999;5002;5005;5008,1567,H-:N
PAP-H2,1666,26083101,135,5011;5014;5017;5020;5023;5026;5029,1708,break:C-N_short_arc
PAP-H2,1666,26083101,136,5160;5163;5166;5169;5172;5175;5178,890,H-:N
PAP-H2,1666,26083101,137,5181;5184;5187;5190;5193;5196;5199,430,H-:N
PAP-H2,1666,26083101,138,5202;5205;5208;5211;5214;5217;5220,98,H-:N;break:C-N_long_arc
PAP-H2,1666,26083101,139,5223;5226;5229;5232;5235;5238;5241,1192,H-:C_long_alpha
PAP-H2,1666,26083101,140,5244;5247;5250;5253;5256;5259;5262,832,H-:C_short_alpha
PAP-H2,1666,26083101,141,5265;5268;5271;5274;5277;5280;5283,291,H-:N
PAP-H2,1666,26083101,142,5286;5289;5292;5295;5298;5301;5304,818,H-:N
PAP-H2,1666,26083101,143,5307;5310;5313;5316;5319;5322;5325,378,H-:N
PAP-H2,1666,26083101,144,5456;5459;5462;5465;5468;5471;5474,505,H-:C_short_alpha
PAP-H2,1666,26083101,145,5477;5480;5483;5486;5489;5492;5495,762,H-:N
PAP-H2,1666,26083101,146,5498;5501;5504;5507;5510;5513;5516,290,"H-:C_long_beta,N"
PAP-H2,1666,26083101,147,5519;5522;5525;5528;5531;5534;5537,806,break:C-N_short_arc
PAP-H2,1666,26083101,148,5540;5543;5546;5549;5552;5555;5558,1004,"H-:C_long_alpha,C_long_alpha"
PAP-H2,1666,26083101,149,5561;5564;5567;5570;5573;5576;5579,419,H-:N
PAP-H2,1666,26083101,150,5582;5585;5588;5591;5594;5597;5600,1354,H-:N
PAP-H2,1666,26083101,151,5603;5606;5609;5612;5615;5618;5621,320,H-:C_short_alpha
PAP-H2,1666,26083101,152,5752;5755;5758;5761;5764;5767;5770,1753,H-:N
PAP-H2,1666,26083101,153,5773;5776;5779;5782;5785;5788;5791,39,break:C-N_short_arc
PAP-H2,1666,26083101,154,5794;5797;5800;5803;5806;5809;5812,2057,H-:N
PAP-H2,1666,26083101,155,5815;5818;5821;5824;5827;5830;5833,1735,H-:N
PAP-H2,1666,26083101,156,5836;5839;5842;5845;5848;5851;5854,1710,H-:C_long_alpha
PAP-H2,1666,26083101,157,5857;5860;5863;5866;5869;5872;5875,1850,H-:N
PAP-H2,1666,26083101,158,5878;5881;5884;5887;5890;5893;5896,454,H-:N
PAP-H2,1666,26083101,159,5899;5902;5905;5908;5911;5914;5917,368,H-:C_long_beta
PAP-H2,1666,26083101,160,6048;6051;6054;6057;6060;6063;6066,518,break:C-N_short_arc
PAP-H2,1666,26083101,161,6069;6072;6075;6078;6081;6084;6087,977,break:C-N_long_arc
PAP-H2,1666,26083101,162,6090;6093;6096;6099;6102;6105;6108,1769,"H-:C_short_alpha,N"
PAP-H2,1666,26083101,163,6111;6114;6117;6120;6123;6126;6129,233,H-:N
PAP-H2,1666,26083101,164,6132;6135;6138;6141;6144;6147;6150,112,H-:C_long_beta
PAP-H2,1666,26083101,165,6153;6156;6159;6162;6165;6168;6171,1215,break:C-N_short_arc
PAP-H2,1666,26083101,166,6174;6177;6180;6183;6186;6189;6192,389,"H-:C_long_alpha,C_long_beta"
PAP-H2,1666,26083101,167,6195;6198;6201;6204;6207;6210;6213,816,H-:N
PAP-H2,1666,26083101,168,6344;6347;6350;6353;6356;6359;6362,309,H-:C_long_alpha
PAP-H2,1666,26083101,169,6365;6368;6371;6374;6377;6380;6383,560,H-:N
PAP-H2,1666,26083101,170,6386;6389;6392;6395;6398;6401;6404,665,"H-:C_long_alpha,C_short_alpha"
PAP-H2,1666,26083101,171,6407;6410;6413;6416;6419;6422;6425,590,"H-:C_long_alpha,N"
PAP-H2,1666,26083101,172,6428;6431;6434;6437;6440;6443;6446,1757,H-:N
PAP-H2,1666,26083101,173,6449;6452;6455;6458;6461;6464;6467,374,H-:C_long_alpha
PAP-H2,1666,26083101,174,6470;6473;6476;6479;6482;6485;6488,659,H-:N
PAP-H2,1666,26083101,175,6491;6494;6497;6500;6503;6506;6509,835,H-:C_long_alpha;break:C-N_long_arc
PAP-H2,1666,26083101,176,6640;6643;6646;6649;6652;6655;6658,1821,break:C-N_short_arc
PAP-H2,1666,26083101,177,6661;6664;6667;6670;6673;6676;6679,777,H-:C_short_alpha
PAP-H2,1666,26083101,178,6682;6685;6688;6691;6694;6697;6700,455,H-:N;break:C-N_short_arc
PAP-H2,1666,26083101,179,6703;6706;6709;6712;6715;6718;6721,1061,break:C-N_long_arc
PAP-H2,1666,26083101,180,6724;6727;6730;6733;6736;6739;6742,837,H-:C_short_alpha
PAP-H2,1666,26083101,181,6745;6748;6751;6754;6757;6760;6763,255,H-:C_long_alpha
PAP-H2,1666,26083101,182,6766;6769;6772;6775;6778;6781;6784,1020,H-:C_long_alpha
PAP-H2,1666,26083101,183,6787;6790;6793;6796;6799;6802;6805,1924,H-:C_short_alpha
PAP-H2,1666,26083101,184,6936;6939;6942;6945;6948;6951;6954,456,H-:N
PAP-H2,1666,26083101,185,6957;6960;6963;6966;6969;6972;6975,407,H-:C_long_beta
PAP-H2,1666,26083101,186,6978;6981;6984;6987;6990;6993;6996,658,"H-:C_short_alpha,N"
PAP-H2,1666,26083101,187,6999;7002;7005;7008;7011;7014;7017,844,H-:N
PAP-H2,1666,26083101,188,7020;7023;7026;7029;7032;7035;7038,1311,break:C-N_long_arc
PAP-H2,1666,26083101,189,7041;7044;7047;7050;7053;7056;7059,54,H-:N
PAP-H2,1666,26083101,190,7062;7065;7068;7071;7074;7077;7080,453,break:C-N_short_arc
PAP-H2,1666,26083101,191,7083;7086;7089;7092;7095;7098;7101,1095,H-:C_long_alpha
PAP-H2,1666,26083102,0,128;131;134;137;140;143;146,1658,H-:N
PAP-H2,1666,26083102,1,149;152;155;158;161;164;167,1760,H-:N
PAP-H2,1666,26083102,2,170;173;176;179;182;185;188,2124,H-:C_long_alpha
PAP-H2,1666,26083102,3,191;194;197;200;203;206;209,522,H-:N
PAP-H2,1666,26083102,4,212;215;218;221;224;227;230,2626,"H-:C_long_alpha,N"
PAP-H2,1666,26083102,5,233;236;239;242;245;248;251,956,"H-:C_long_alpha,N"
PAP-H2,1666,26083102,6,254;257;260;263;266;269;272,541,H-:C_short_alpha
PAP-H2,1666,26083102,7,275;278;281;284;287;290;293,658,H-:N
PAP-H2,1666,26083102,8,424;427;430;433;436;439;442,952,"H-:C_long_beta,N"
PAP-H2,1666,26083102,9,445;448;451;454;457;460;463,283,break:C-N_short_arc
PAP-H2,1666,26083102,10,466;469;472;475;478;481;484,1263,H-:N
PAP-H2,1666,26083102,11,487;490;493;496;499;502;505,563,H-:N
PAP-H2,1666,26083102,12,508;511;514;517;520;523;526,150,H-:N
PAP-H2,1666,26083102,13,529;532;535;538;541;544;547,520,H-:N
PAP-H2,1666,26083102,14,550;553;556;559;562;565;568,405,H-:C_long_alpha
PAP-H2,1666,26083102,15,571;574;577;580;583;586;589,1054,"H-:N,N"
PAP-H2,1666,26083102,16,720;723;726;729;732;735;738,1047,break:C-N_long_arc
PAP-H2,1666,26083102,17,741;744;747;750;753;756;759,2016,H-:N
PAP-H2,1666,26083102,18,762;765;768;771;774;777;780,1046,H-:C_long_alpha
PAP-H2,1666,26083102,19,783;786;789;792;795;798;801,1377,H-:N
PAP-H2,1666,26083102,20,804;807;810;813;816;819;822,2201,H-:C_short_alpha
PAP-H2,1666,26083102,21,825;828;831;834;837;840;843,1298,H-:N
PAP-H2,1666,26083102,22,846;849;852;855;858;861;864,1905,H-:N
PAP-H2,1666,26083102,23,867;870;873;876;879;882;885,804,H-:C_short_alpha
PAP-H2,1666,26083102,24,1016;1019;1022;1025;1028;1031;1034,1109,H-:C_long_beta
PAP-H2,1666,26083102,25,1037;1040;1043;1046;1049;1052;1055,544,break:C-N_short_arc
PAP-H2,1666,26083102,26,1058;1061;1064;1067;1070;1073;1076,1007,H-:N
PAP-H2,1666,26083102,27,1079;1082;1085;1088;1091;1094;1097,1247,H-:C_long_alpha
PAP-H2,1666,26083102,28,1100;1103;1106;1109;1112;1115;1118,538,break:C-N_short_arc
PAP-H2,1666,26083102,29,1121;1124;1127;1130;1133;1136;1139,1931,H-:N
PAP-H2,1666,26083102,30,1142;1145;1148;1151;1154;1157;1160,278,H-:C_short_alpha
PAP-H2,1666,26083102,31,1163;1166;1169;1172;1175;1178;1181,2083,break:C-N_long_arc
PAP-H2,1666,26083102,32,1312;1315;1318;1321;1324;1327;1330,2213,H-:C_long_alpha
PAP-H2,1666,26083102,33,1333;1336;1339;1342;1345;1348;1351,651,"H-:C_long_alpha,C_long_alpha"
PAP-H2,1666,26083102,34,1354;1357;1360;1363;1366;1369;1372,1885,break:C-N_long_arc
PAP-H2,1666,26083102,35,1375;1378;1381;1384;1387;1390;1393,1437,H-:N
PAP-H2,1666,26083102,36,1396;1399;1402;1405;1408;1411;1414,2336,"H-:N,N"
PAP-H2,1666,26083102,37,1417;1420;1423;1426;1429;1432;1435,1123,"CN_inventory:C10,N4"
PAP-H2,1666,26083102,38,1438;1441;1444;1447;1450;1453;1456,1316,H-:N
PAP-H2,1666,26083102,39,1459;1462;1465;1468;1471;1474;1477,1190,H-:N
PAP-H2,1666,26083102,40,1608;1611;1614;1617;1620;1623;1626,466,H-:N
PAP-H2,1666,26083102,41,1629;1632;1635;1638;1641;1644;1647,1378,H-:N
PAP-H2,1666,26083102,42,1650;1653;1656;1659;1662;1665;1668,2067,H-:C_long_alpha
PAP-H2,1666,26083102,43,1671;1674;1677;1680;1683;1686;1689,1084,H-:N
PAP-H2,1666,26083102,44,1692;1695;1698;1701;1704;1707;1710,1015,H-:C_long_alpha
PAP-H2,1666,26083102,45,1713;1716;1719;1722;1725;1728;1731,1082,break:C-N_short_arc
PAP-H2,1666,26083102,46,1734;1737;1740;1743;1746;1749;1752,147,H-:C_short_alpha
PAP-H2,1666,26083102,47,1755;1758;1761;1764;1767;1770;1773,1272,"H-:C_long_alpha,C_short_alpha"
PAP-H2,1666,26083102,48,1904;1907;1910;1913;1916;1919;1922,686,H-:N
PAP-H2,1666,26083102,49,1925;1928;1931;1934;1937;1940;1943,1683,break:C-N_short_arc
PAP-H2,1666,26083102,50,1946;1949;1952;1955;1958;1961;1964,818,H-:N
PAP-H2,1666,26083102,51,1967;1970;1973;1976;1979;1982;1985,765,"H-:C_short_alpha,N"
PAP-H2,1666,26083102,52,1988;1991;1994;1997;2000;2003;2006,723,H-:C_short_alpha
PAP-H2,1666,26083102,53,2009;2012;2015;2018;2021;2024;2027,2556,H-:N
PAP-H2,1666,26083102,54,2030;2033;2036;2039;2042;2045;2048,1522,H-:N
PAP-H2,1666,26083102,55,2051;2054;2057;2060;2063;2066;2069,205,H-:C_short_alpha
PAP-H2,1666,26083102,56,2200;2203;2206;2209;2212;2215;2218,2695,H-:C_short_alpha
PAP-H2,1666,26083102,57,2221;2224;2227;2230;2233;2236;2239,520,break:C-N_long_arc
PAP-H2,1666,26083102,58,2242;2245;2248;2251;2254;2257;2260,2004,"H-:C_long_alpha,N"
PAP-H2,1666,26083102,59,2263;2266;2269;2272;2275;2278;2281,1105,"H-:C_long_beta,N"
PAP-H2,1666,26083102,60,2284;2287;2290;2293;2296;2299;2302,1765,H-:C_long_beta
PAP-H2,1666,26083102,61,2305;2308;2311;2314;2317;2320;2323,2190,H-:N
PAP-H2,1666,26083102,62,2326;2329;2332;2335;2338;2341;2344,1242,H-:N
PAP-H2,1666,26083102,63,2347;2350;2353;2356;2359;2362;2365,1811,H-:N
PAP-H2,1666,26083102,64,2496;2499;2502;2505;2508;2511;2514,674,H-:N
PAP-H2,1666,26083102,65,2517;2520;2523;2526;2529;2532;2535,490,H-:N
PAP-H2,1666,26083102,66,2538;2541;2544;2547;2550;2553;2556,1488,H-:N
PAP-H2,1666,26083102,67,2559;2562;2565;2568;2571;2574;2577,766,break:C-N_short_arc
PAP-H2,1666,26083102,68,2580;2583;2586;2589;2592;2595;2598,1111,H-:N
PAP-H2,1666,26083102,69,2601;2604;2607;2610;2613;2616;2619,1035,H-:N
PAP-H2,1666,26083102,70,2622;2625;2628;2631;2634;2637;2640,968,H-:N
PAP-H2,1666,26083102,71,2643;2646;2649;2652;2655;2658;2661,1939,H-:N
PAP-H2,1666,26083102,72,2792;2795;2798;2801;2804;2807;2810,906,H-:N
PAP-H2,1666,26083102,73,2813;2816;2819;2822;2825;2828;2831,913,H-:N
PAP-H2,1666,26083102,74,2834;2837;2840;2843;2846;2849;2852,329,H-:N
PAP-H2,1666,26083102,75,2855;2858;2861;2864;2867;2870;2873,1468,H-:N
PAP-H2,1666,26083102,76,2876;2879;2882;2885;2888;2891;2894,967,H-:N
PAP-H2,1666,26083102,77,2897;2900;2903;2906;2909;2912;2915,1439,break:C-N_short_arc
PAP-H2,1666,26083102,78,2918;2921;2924;2927;2930;2933;2936,868,H-:N
PAP-H2,1666,26083102,79,2939;2942;2945;2948;2951;2954;2957,1670,H-:C_long_alpha
PAP-H2,1666,26083102,80,3088;3091;3094;3097;3100;3103;3106,122,H-:C_long_beta;break:C-N_short_arc
PAP-H2,1666,26083102,81,3109;3112;3115;3118;3121;3124;3127,628,break:C-N_short_arc
PAP-H2,1666,26083102,82,3130;3133;3136;3139;3142;3145;3148,355,break:C-N_short_arc
PAP-H2,1666,26083102,83,3151;3154;3157;3160;3163;3166;3169,2831,H-:N
PAP-H2,1666,26083102,84,3172;3175;3178;3181;3184;3187;3190,2112,H-:N
PAP-H2,1666,26083102,85,3193;3196;3199;3202;3205;3208;3211,1783,H-:N
PAP-H2,1666,26083102,86,3214;3217;3220;3223;3226;3229;3232,668,H-:N
PAP-H2,1666,26083102,87,3235;3238;3241;3244;3247;3250;3253,22,H-:N
PAP-H2,1666,26083102,88,3384;3387;3390;3393;3396;3399;3402,280,"H-:C_short_alpha,N,N"
PAP-H2,1666,26083102,89,3405;3408;3411;3414;3417;3420;3423,24,H-:N
PAP-H2,1666,26083102,90,3426;3429;3432;3435;3438;3441;3444,1519,H-:N
PAP-H2,1666,26083102,91,3447;3450;3453;3456;3459;3462;3465,1107,H-:N
PAP-H2,1666,26083102,92,3468;3471;3474;3477;3480;3483;3486,854,H-:N;break:C-N_short_arc
PAP-H2,1666,26083102,93,3489;3492;3495;3498;3501;3504;3507,1186,"external:Cl1,O2"
PAP-H2,1666,26083102,94,3510;3513;3516;3519;3522;3525;3528,980,H-:N
PAP-H2,1666,26083102,95,3531;3534;3537;3540;3543;3546;3549,1192,H-:N
PAP-H2,1666,26083102,96,3680;3683;3686;3689;3692;3695;3698,904,H-:N
PAP-H2,1666,26083102,97,3701;3704;3707;3710;3713;3716;3719,431,H-:N;break:C-N_short_arc
PAP-H2,1666,26083102,98,3722;3725;3728;3731;3734;3737;3740,181,H-:N
PAP-H2,1666,26083102,99,3743;3746;3749;3752;3755;3758;3761,183,H-:N
PAP-H2,1666,26083102,100,3764;3767;3770;3773;3776;3779;3782,499,H-:N
PAP-H2,1666,26083102,101,3785;3788;3791;3794;3797;3800;3803,273,break:C-N_short_arc
PAP-H2,1666,26083102,102,3806;3809;3812;3815;3818;3821;3824,1386,H-:N
PAP-H2,1666,26083102,103,3827;3830;3833;3836;3839;3842;3845,278,H-:N
PAP-H2,1666,26083102,104,3976;3979;3982;3985;3988;3991;3994,1751,H-:N
PAP-H2,1666,26083102,105,3997;4000;4003;4006;4009;4012;4015,515,H-:N
PAP-H2,1666,26083102,106,4018;4021;4024;4027;4030;4033;4036,1511,H-:N
PAP-H2,1666,26083102,107,4039;4042;4045;4048;4051;4054;4057,1058,H-:N
PAP-H2,1666,26083102,108,4060;4063;4066;4069;4072;4075;4078,1076,break:C-N_short_arc
PAP-H2,1666,26083102,109,4081;4084;4087;4090;4093;4096;4099,2193,H-:N
PAP-H2,1666,26083102,110,4102;4105;4108;4111;4114;4117;4120,1278,H-:N
PAP-H2,1666,26083102,111,4123;4126;4129;4132;4135;4138;4141,172,H-:N
PAP-H2,1666,26083102,112,4272;4275;4278;4281;4284;4287;4290,1055,H-:C_long_beta
PAP-H2,1666,26083102,113,4293;4296;4299;4302;4305;4308;4311,417,H-:N
PAP-H2,1666,26083102,114,4314;4317;4320;4323;4326;4329;4332,1100,"H-:C_short_alpha,N"
PAP-H2,1666,26083102,115,4335;4338;4341;4344;4347;4350;4353,1181,H-:N
PAP-H2,1666,26083102,116,4356;4359;4362;4365;4368;4371;4374,868,H-:N;break:C-N_long_arc
PAP-H2,1666,26083102,117,4377;4380;4383;4386;4389;4392;4395,342,H-:N
PAP-H2,1666,26083102,118,4398;4401;4404;4407;4410;4413;4416,876,H-:N;break:C-N_long_arc
PAP-H2,1666,26083102,119,4419;4422;4425;4428;4431;4434;4437,1517,H-:C_long_alpha
PAP-H2,1666,26083102,120,4568;4571;4574;4577;4580;4583;4586,634,H-:C_short_alpha
PAP-H2,1666,26083102,121,4589;4592;4595;4598;4601;4604;4607,872,H-:N
PAP-H2,1666,26083102,122,4610;4613;4616;4619;4622;4625;4628,718,H-:C_long_alpha
PAP-H2,1666,26083102,123,4631;4634;4637;4640;4643;4646;4649,1214,H-:N
PAP-H2,1666,26083102,124,4652;4655;4658;4661;4664;4667;4670,25,H-:N
PAP-H2,1666,26083102,125,4673;4676;4679;4682;4685;4688;4691,483,H-:C_short_alpha
PAP-H2,1666,26083102,126,4694;4697;4700;4703;4706;4709;4712,1833,H-:N;external:O1
PAP-H2,1666,26083102,127,4715;4718;4721;4724;4727;4730;4733,1150,"H-:C_long_beta,N"
PAP-H2,1666,26083102,128,4864;4867;4870;4873;4876;4879;4882,315,break:C-N_long_arc
PAP-H2,1666,26083102,129,4885;4888;4891;4894;4897;4900;4903,1308,"H-:N,N"
PAP-H2,1666,26083102,130,4906;4909;4912;4915;4918;4921;4924,918,H-:N
PAP-H2,1666,26083102,131,4927;4930;4933;4936;4939;4942;4945,51,H-:N
PAP-H2,1666,26083102,132,4948;4951;4954;4957;4960;4963;4966,1937,H-:N
PAP-H2,1666,26083102,133,4969;4972;4975;4978;4981;4984;4987,1018,"H-:N,N"
PAP-H2,1666,26083102,134,4990;4993;4996;4999;5002;5005;5008,107,break:C-N_long_arc
PAP-H2,1666,26083102,135,5011;5014;5017;5020;5023;5026;5029,146,H-:N
PAP-H2,1666,26083102,136,5160;5163;5166;5169;5172;5175;5178,1176,H-:N
PAP-H2,1666,26083102,137,5181;5184;5187;5190;5193;5196;5199,1404,H-:C_long_alpha
PAP-H2,1666,26083102,138,5202;5205;5208;5211;5214;5217;5220,429,H-:N
PAP-H2,1666,26083102,139,5223;5226;5229;5232;5235;5238;5241,1198,"H-:C_long_beta,N"
PAP-H2,1666,26083102,140,5244;5247;5250;5253;5256;5259;5262,1286,H-:N
PAP-H2,1666,26083102,141,5265;5268;5271;5274;5277;5280;5283,1547,H-:N
PAP-H2,1666,26083102,142,5286;5289;5292;5295;5298;5301;5304,313,H-:N
PAP-H2,1666,26083102,143,5307;5310;5313;5316;5319;5322;5325,1525,H-:N
PAP-H2,1666,26083102,144,5456;5459;5462;5465;5468;5471;5474,273,H-:N
PAP-H2,1666,26083102,145,5477;5480;5483;5486;5489;5492;5495,1079,H-:N
PAP-H2,1666,26083102,146,5498;5501;5504;5507;5510;5513;5516,540,break:C-N_short_arc
PAP-H2,1666,26083102,147,5519;5522;5525;5528;5531;5534;5537,223,H-:N
PAP-H2,1666,26083102,148,5540;5543;5546;5549;5552;5555;5558,244,H-:N
PAP-H2,1666,26083102,149,5561;5564;5567;5570;5573;5576;5579,882,H-:N
PAP-H2,1666,26083102,150,5582;5585;5588;5591;5594;5597;5600,2308,H-:C_short_alpha
PAP-H2,1666,26083102,151,5603;5606;5609;5612;5615;5618;5621,852,H-:N
PAP-H2,1666,26083102,152,5752;5755;5758;5761;5764;5767;5770,201,H-:C_short_alpha
PAP-H2,1666,26083102,153,5773;5776;5779;5782;5785;5788;5791,967,H-:N
PAP-H2,1666,26083102,154,5794;5797;5800;5803;5806;5809;5812,444,H-:C_long_beta
PAP-H2,1666,26083102,155,5815;5818;5821;5824;5827;5830;5833,892,H-:N
PAP-H2,1666,26083102,156,5836;5839;5842;5845;5848;5851;5854,727,H-:C_long_alpha
PAP-H2,1666,26083102,157,5857;5860;5863;5866;5869;5872;5875,870,"H-:N,N"
PAP-H2,1666,26083102,158,5878;5881;5884;5887;5890;5893;5896,230,H-:C_long_beta;break:C-N_long_arc
PAP-H2,1666,26083102,159,5899;5902;5905;5908;5911;5914;5917,1309,H-:N
PAP-H2,1666,26083102,160,6048;6051;6054;6057;6060;6063;6066,551,"H-:C_short_alpha,C_short_alpha"
PAP-H2,1666,26083102,161,6069;6072;6075;6078;6081;6084;6087,501,H-:N
PAP-H2,1666,26083102,162,6090;6093;6096;6099;6102;6105;6108,1015,H-:N
PAP-H2,1666,26083102,163,6111;6114;6117;6120;6123;6126;6129,185,H-:N
PAP-H2,1666,26083102,164,6132;6135;6138;6141;6144;6147;6150,867,"H-:C_long_alpha,N"
PAP-H2,1666,26083102,165,6153;6156;6159;6162;6165;6168;6171,226,H-:C_long_alpha
PAP-H2,1666,26083102,166,6174;6177;6180;6183;6186;6189;6192,244,H-:N
PAP-H2,1666,26083102,167,6195;6198;6201;6204;6207;6210;6213,2248,H-:N;external:Cl1
PAP-H2,1666,26083102,168,6344;6347;6350;6353;6356;6359;6362,144,H-:N
PAP-H2,1666,26083102,169,6365;6368;6371;6374;6377;6380;6383,212,H-:N
PAP-H2,1666,26083102,170,6386;6389;6392;6395;6398;6401;6404,1328,H-:N
PAP-H2,1666,26083102,171,6407;6410;6413;6416;6419;6422;6425,399,break:C-N_long_arc
PAP-H2,1666,26083102,172,6428;6431;6434;6437;6440;6443;6446,330,break:C-N_long_arc
PAP-H2,1666,26083102,173,6449;6452;6455;6458;6461;6464;6467,1269,"H-:C_long_alpha,N"
PAP-H2,1666,26083102,174,6470;6473;6476;6479;6482;6485;6488,937,H-:N
PAP-H2,1666,26083102,175,6491;6494;6497;6500;6503;6506;6509,1018,"H-:C_short_alpha,N"
PAP-H2,1666,26083102,176,6640;6643;6646;6649;6652;6655;6658,686,"H-:N,N"
PAP-H2,1666,26083102,177,6661;6664;6667;6670;6673;6676;6679,345,H-:N
PAP-H2,1666,26083102,178,6682;6685;6688;6691;6694;6697;6700,1711,H-:N
PAP-H2,1666,26083102,179,6703;6706;6709;6712;6715;6718;6721,1088,H-:N
PAP-H2,1666,26083102,180,6724;6727;6730;6733;6736;6739;6742,155,break:C-N_short_arc
PAP-H2,1666,26083102,181,6745;6748;6751;6754;6757;6760;6763,669,"H-:C_short_alpha,N"
PAP-H2,1666,26083102,182,6766;6769;6772;6775;6778;6781;6784,580,H-:N
PAP-H2,1666,26083102,183,6787;6790;6793;6796;6799;6802;6805,1587,H-:N
PAP-H2,1666,26083102,184,6936;6939;6942;6945;6948;6951;6954,871,H-:N
PAP-H2,1666,26083102,185,6957;6960;6963;6966;6969;6972;6975,517,H-:N
PAP-H2,1666,26083102,186,6978;6981;6984;6987;6990;6993;6996,1651,H-:N
PAP-H2,1666,26083102,187,6999;7002;7005;7008;7011;7014;7017,1277,H-:N
PAP-H2,1666,26083102,188,7020;7023;7026;7029;7032;7035;7038,1450,H-:N;break:C-N_long_arc
PAP-H2,1666,26083102,189,7041;7044;7047;7050;7053;7056;7059,1735,H-:C_long_beta
PAP-H2,1666,26083102,190,7062;7065;7068;7071;7074;7077;7080,745,H-:N
PAP-H2,1666,26083102,191,7083;7086;7089;7092;7095;7098;7101,477,H-:C_long_alpha
PAP-H2,1666,26083103,0,128;131;134;137;140;143;146,744,H-:N
PAP-H2,1666,26083103,1,149;152;155;158;161;164;167,1631,H-:C_long_beta
PAP-H2,1666,26083103,2,170;173;176;179;182;185;188,253,"H-:C_long_alpha,N;break:C-N_long_arc"
PAP-H2,1666,26083103,3,191;194;197;200;203;206;209,151,H-:N
PAP-H2,1666,26083103,4,212;215;218;221;224;227;230,1268,H-:N
PAP-H2,1666,26083103,5,233;236;239;242;245;248;251,413,H-:N
PAP-H2,1666,26083103,6,254;257;260;263;266;269;272,684,"H-:C_short_alpha,C_short_alpha"
PAP-H2,1666,26083103,7,275;278;281;284;287;290;293,1825,H-:N
PAP-H2,1666,26083103,8,424;427;430;433;436;439;442,485,H-:N
PAP-H2,1666,26083103,9,445;448;451;454;457;460;463,374,H-:C_long_beta
PAP-H2,1666,26083103,10,466;469;472;475;478;481;484,859,H-:N
PAP-H2,1666,26083103,11,487;490;493;496;499;502;505,2085,H-:N
PAP-H2,1666,26083103,12,508;511;514;517;520;523;526,800,H-:N
PAP-H2,1666,26083103,13,529;532;535;538;541;544;547,60,H-:N
PAP-H2,1666,26083103,14,550;553;556;559;562;565;568,336,H-:N
PAP-H2,1666,26083103,15,571;574;577;580;583;586;589,379,H-:N
PAP-H2,1666,26083103,16,720;723;726;729;732;735;738,2377,"H-:C_long_beta,N"
PAP-H2,1666,26083103,17,741;744;747;750;753;756;759,1296,H-:N
PAP-H2,1666,26083103,18,762;765;768;771;774;777;780,1120,H-:N
PAP-H2,1666,26083103,19,783;786;789;792;795;798;801,1685,H-:C_short_alpha
PAP-H2,1666,26083103,20,804;807;810;813;816;819;822,2093,H-:N
PAP-H2,1666,26083103,21,825;828;831;834;837;840;843,865,H-:N
PAP-H2,1666,26083103,22,846;849;852;855;858;861;864,1427,H-:N
PAP-H2,1666,26083103,23,867;870;873;876;879;882;885,888,H-:N
PAP-H2,1666,26083103,24,1016;1019;1022;1025;1028;1031;1034,180,H-:N
PAP-H2,1666,26083103,25,1037;1040;1043;1046;1049;1052;1055,765,H-:N
PAP-H2,1666,26083103,26,1058;1061;1064;1067;1070;1073;1076,1328,H-:N
PAP-H2,1666,26083103,27,1079;1082;1085;1088;1091;1094;1097,146,"H-:C_long_beta,N"
PAP-H2,1666,26083103,28,1100;1103;1106;1109;1112;1115;1118,123,H-:C_long_beta
PAP-H2,1666,26083103,29,1121;1124;1127;1130;1133;1136;1139,420,break:C-N_short_arc
PAP-H2,1666,26083103,30,1142;1145;1148;1151;1154;1157;1160,1725,H-:N
PAP-H2,1666,26083103,31,1163;1166;1169;1172;1175;1178;1181,322,H-:C_short_alpha
PAP-H2,1666,26083103,32,1312;1315;1318;1321;1324;1327;1330,449,break:C-N_long_arc
PAP-H2,1666,26083103,33,1333;1336;1339;1342;1345;1348;1351,1624,break:C-N_long_arc
PAP-H2,1666,26083103,34,1354;1357;1360;1363;1366;1369;1372,1088,H-:C_long_alpha
PAP-H2,1666,26083103,35,1375;1378;1381;1384;1387;1390;1393,688,H-:C_long_alpha
PAP-H2,1666,26083103,36,1396;1399;1402;1405;1408;1411;1414,764,H-:C_long_beta;break:C-N_long_arc
PAP-H2,1666,26083103,37,1417;1420;1423;1426;1429;1432;1435,696,H-:C_short_alpha
PAP-H2,1666,26083103,38,1438;1441;1444;1447;1450;1453;1456,915,H-:N
PAP-H2,1666,26083103,39,1459;1462;1465;1468;1471;1474;1477,423,H-:N
PAP-H2,1666,26083103,40,1608;1611;1614;1617;1620;1623;1626,1455,H-:N
PAP-H2,1666,26083103,41,1629;1632;1635;1638;1641;1644;1647,301,H-:C_long_beta
PAP-H2,1666,26083103,42,1650;1653;1656;1659;1662;1665;1668,203,H-:N
PAP-H2,1666,26083103,43,1671;1674;1677;1680;1683;1686;1689,2094,H-:N
PAP-H2,1666,26083103,44,1692;1695;1698;1701;1704;1707;1710,1704,break:C-N_long_arc
PAP-H2,1666,26083103,45,1713;1716;1719;1722;1725;1728;1731,27,"H-:N,N"
PAP-H2,1666,26083103,46,1734;1737;1740;1743;1746;1749;1752,759,H-:C_long_alpha
PAP-H2,1666,26083103,47,1755;1758;1761;1764;1767;1770;1773,1377,H-:N
PAP-H2,1666,26083103,48,1904;1907;1910;1913;1916;1919;1922,1048,H-:N
PAP-H2,1666,26083103,49,1925;1928;1931;1934;1937;1940;1943,421,"H-:C_long_beta,C_short_alpha"
PAP-H2,1666,26083103,50,1946;1949;1952;1955;1958;1961;1964,1246,H-:N
PAP-H2,1666,26083103,51,1967;1970;1973;1976;1979;1982;1985,972,break:C-N_long_arc
PAP-H2,1666,26083103,52,1988;1991;1994;1997;2000;2003;2006,922,H-:C_short_alpha
PAP-H2,1666,26083103,53,2009;2012;2015;2018;2021;2024;2027,776,H-:N
PAP-H2,1666,26083103,54,2030;2033;2036;2039;2042;2045;2048,1090,H-:C_short_alpha
PAP-H2,1666,26083103,55,2051;2054;2057;2060;2063;2066;2069,723,break:C-N_long_arc
PAP-H2,1666,26083103,56,2200;2203;2206;2209;2212;2215;2218,1728,"H-:C_long_alpha,N,N"
PAP-H2,1666,26083103,57,2221;2224;2227;2230;2233;2236;2239,295,H-:C_long_alpha
PAP-H2,1666,26083103,58,2242;2245;2248;2251;2254;2257;2260,1673,H-:N
PAP-H2,1666,26083103,59,2263;2266;2269;2272;2275;2278;2281,1407,H-:C_short_alpha
PAP-H2,1666,26083103,60,2284;2287;2290;2293;2296;2299;2302,1398,H-:C_long_alpha
PAP-H2,1666,26083103,61,2305;2308;2311;2314;2317;2320;2323,655,H-:N
PAP-H2,1666,26083103,62,2326;2329;2332;2335;2338;2341;2344,309,H-:N
PAP-H2,1666,26083103,63,2347;2350;2353;2356;2359;2362;2365,1562,H-:N
PAP-H2,1666,26083103,64,2496;2499;2502;2505;2508;2511;2514,386,H-:N
PAP-H2,1666,26083103,65,2517;2520;2523;2526;2529;2532;2535,1160,H-:N
PAP-H2,1666,26083103,66,2538;2541;2544;2547;2550;2553;2556,366,H-:N;break:C-N_long_arc
PAP-H2,1666,26083103,67,2559;2562;2565;2568;2571;2574;2577,1488,H-:N
PAP-H2,1666,26083103,68,2580;2583;2586;2589;2592;2595;2598,916,H-:N
PAP-H2,1666,26083103,69,2601;2604;2607;2610;2613;2616;2619,42,break:C-N_long_arc
PAP-H2,1666,26083103,70,2622;2625;2628;2631;2634;2637;2640,1801,H-:C_long_beta
PAP-H2,1666,26083103,71,2643;2646;2649;2652;2655;2658;2661,1286,"H-:N,N"
PAP-H2,1666,26083103,72,2792;2795;2798;2801;2804;2807;2810,830,H-:C_long_beta
PAP-H2,1666,26083103,73,2813;2816;2819;2822;2825;2828;2831,446,H-:N;break:C-N_long_arc
PAP-H2,1666,26083103,74,2834;2837;2840;2843;2846;2849;2852,991,H-:C_long_alpha
PAP-H2,1666,26083103,75,2855;2858;2861;2864;2867;2870;2873,698,H-:C_short_alpha
PAP-H2,1666,26083103,76,2876;2879;2882;2885;2888;2891;2894,481,H-:N
PAP-H2,1666,26083103,77,2897;2900;2903;2906;2909;2912;2915,1439,H-:C_long_beta
PAP-H2,1666,26083103,78,2918;2921;2924;2927;2930;2933;2936,731,"H-:C_short_alpha,N"
PAP-H2,1666,26083103,79,2939;2942;2945;2948;2951;2954;2957,1337,"H-:C_short_alpha,N"
PAP-H2,1666,26083103,80,3088;3091;3094;3097;3100;3103;3106,216,break:C-N_short_arc
PAP-H2,1666,26083103,81,3109;3112;3115;3118;3121;3124;3127,790,H-:N
PAP-H2,1666,26083103,82,3130;3133;3136;3139;3142;3145;3148,1475,H-:N
PAP-H2,1666,26083103,83,3151;3154;3157;3160;3163;3166;3169,1457,H-:C_short_alpha
PAP-H2,1666,26083103,84,3172;3175;3178;3181;3184;3187;3190,808,break:C-N_long_arc
PAP-H2,1666,26083103,85,3193;3196;3199;3202;3205;3208;3211,1131,break:C-N_short_arc
PAP-H2,1666,26083103,86,3214;3217;3220;3223;3226;3229;3232,1336,H-:N
PAP-H2,1666,26083103,87,3235;3238;3241;3244;3247;3250;3253,1325,H-:C_long_beta
PAP-H2,1666,26083103,88,3384;3387;3390;3393;3396;3399;3402,151,H-:N
PAP-H2,1666,26083103,89,3405;3408;3411;3414;3417;3420;3423,1052,H-:N
PAP-H2,1666,26083103,90,3426;3429;3432;3435;3438;3441;3444,1561,H-:N
PAP-H2,1666,26083103,91,3447;3450;3453;3456;3459;3462;3465,476,H-:C_long_beta
PAP-H2,1666,26083103,92,3468;3471;3474;3477;3480;3483;3486,757,"H-:C_long_alpha,N"
PAP-H2,1666,26083103,93,3489;3492;3495;3498;3501;3504;3507,139,H-:N;break:C-N_short_arc
PAP-H2,1666,26083103,94,3510;3513;3516;3519;3522;3525;3528,693,H-:N
PAP-H2,1666,26083103,95,3531;3534;3537;3540;3543;3546;3549,1152,H-:N
PAP-H2,1666,26083103,96,3680;3683;3686;3689;3692;3695;3698,230,"H-:C_long_alpha,C_long_beta;break:C-N_short_arc"
PAP-H2,1666,26083103,97,3701;3704;3707;3710;3713;3716;3719,1055,H-:N
PAP-H2,1666,26083103,98,3722;3725;3728;3731;3734;3737;3740,1335,H-:N
PAP-H2,1666,26083103,99,3743;3746;3749;3752;3755;3758;3761,967,H-:N
PAP-H2,1666,26083103,100,3764;3767;3770;3773;3776;3779;3782,265,H-:N
PAP-H2,1666,26083103,101,3785;3788;3791;3794;3797;3800;3803,599,H-:N;break:C-N_short_arc
PAP-H2,1666,26083103,102,3806;3809;3812;3815;3818;3821;3824,563,H-:N
PAP-H2,1666,26083103,103,3827;3830;3833;3836;3839;3842;3845,1328,H-:N
PAP-H2,1666,26083103,104,3976;3979;3982;3985;3988;3991;3994,49,H-:N
PAP-H2,1666,26083103,105,3997;4000;4003;4006;4009;4012;4015,1974,H-:N
PAP-H2,1666,26083103,106,4018;4021;4024;4027;4030;4033;4036,950,"H-:C_long_alpha,C_short_alpha"
PAP-H2,1666,26083103,107,4039;4042;4045;4048;4051;4054;4057,1637,H-:N
PAP-H2,1666,26083103,108,4060;4063;4066;4069;4072;4075;4078,923,"H-:C_long_alpha,N"
PAP-H2,1666,26083103,109,4081;4084;4087;4090;4093;4096;4099,151,H-:C_long_alpha
PAP-H2,1666,26083103,110,4102;4105;4108;4111;4114;4117;4120,2099,H-:C_long_alpha;break:C-N_short_arc
PAP-H2,1666,26083103,111,4123;4126;4129;4132;4135;4138;4141,1107,"H-:C_long_alpha,N,N"
PAP-H2,1666,26083103,112,4272;4275;4278;4281;4284;4287;4290,703,"H-:C_short_alpha,N;break:C-N_short_arc"
PAP-H2,1666,26083103,113,4293;4296;4299;4302;4305;4308;4311,1049,H-:N
PAP-H2,1666,26083103,114,4314;4317;4320;4323;4326;4329;4332,1270,H-:N
PAP-H2,1666,26083103,115,4335;4338;4341;4344;4347;4350;4353,928,H-:N
PAP-H2,1666,26083103,116,4356;4359;4362;4365;4368;4371;4374,665,H-:C_long_alpha
PAP-H2,1666,26083103,117,4377;4380;4383;4386;4389;4392;4395,182,H-:N
PAP-H2,1666,26083103,118,4398;4401;4404;4407;4410;4413;4416,1177,H-:C_long_alpha
PAP-H2,1666,26083103,119,4419;4422;4425;4428;4431;4434;4437,111,"H-:N,N"
PAP-H2,1666,26083103,120,4568;4571;4574;4577;4580;4583;4586,1208,"H-:C_long_alpha,N"
PAP-H2,1666,26083103,121,4589;4592;4595;4598;4601;4604;4607,1085,H-:C_long_alpha;break:C-N_short_arc
PAP-H2,1666,26083103,122,4610;4613;4616;4619;4622;4625;4628,1159,H-:C_short_alpha
PAP-H2,1666,26083103,123,4631;4634;4637;4640;4643;4646;4649,598,H-:C_short_alpha
PAP-H2,1666,26083103,124,4652;4655;4658;4661;4664;4667;4670,563,H-:C_short_alpha
PAP-H2,1666,26083103,125,4673;4676;4679;4682;4685;4688;4691,1284,H-:N
PAP-H2,1666,26083103,126,4694;4697;4700;4703;4706;4709;4712,645,break:C-N_short_arc
PAP-H2,1666,26083103,127,4715;4718;4721;4724;4727;4730;4733,568,H-:N
PAP-H2,1666,26083103,128,4864;4867;4870;4873;4876;4879;4882,421,H-:N
PAP-H2,1666,26083103,129,4885;4888;4891;4894;4897;4900;4903,799,H-:N
PAP-H2,1666,26083103,130,4906;4909;4912;4915;4918;4921;4924,1415,"H-:C_long_beta,N"
PAP-H2,1666,26083103,131,4927;4930;4933;4936;4939;4942;4945,1132,"H-:C_long_alpha,N"
PAP-H2,1666,26083103,132,4948;4951;4954;4957;4960;4963;4966,236,H-:N
PAP-H2,1666,26083103,133,4969;4972;4975;4978;4981;4984;4987,1669,H-:N
PAP-H2,1666,26083103,134,4990;4993;4996;4999;5002;5005;5008,715,H-:N
PAP-H2,1666,26083103,135,5011;5014;5017;5020;5023;5026;5029,59,H-:C_long_beta
PAP-H2,1666,26083103,136,5160;5163;5166;5169;5172;5175;5178,1192,"H-:C_long_alpha,N"
PAP-H2,1666,26083103,137,5181;5184;5187;5190;5193;5196;5199,2702,H-:C_long_alpha
PAP-H2,1666,26083103,138,5202;5205;5208;5211;5214;5217;5220,1418,H-:N
PAP-H2,1666,26083103,139,5223;5226;5229;5232;5235;5238;5241,2250,H-:N
PAP-H2,1666,26083103,140,5244;5247;5250;5253;5256;5259;5262,1057,"H-:C_long_beta,N"
PAP-H2,1666,26083103,141,5265;5268;5271;5274;5277;5280;5283,1441,H-:C_short_alpha
PAP-H2,1666,26083103,142,5286;5289;5292;5295;5298;5301;5304,2807,H-:N
PAP-H2,1666,26083103,143,5307;5310;5313;5316;5319;5322;5325,240,break:C-N_long_arc
PAP-H2,1666,26083103,144,5456;5459;5462;5465;5468;5471;5474,1960,break:C-N_short_arc
PAP-H2,1666,26083103,145,5477;5480;5483;5486;5489;5492;5495,955,"H-:C_short_alpha,N"
PAP-H2,1666,26083103,146,5498;5501;5504;5507;5510;5513;5516,1253,"H-:C_long_beta,N;break:C-N_long_arc"
PAP-H2,1666,26083103,147,5519;5522;5525;5528;5531;5534;5537,1726,H-:N
PAP-H2,1666,26083103,148,5540;5543;5546;5549;5552;5555;5558,689,H-:N
PAP-H2,1666,26083103,149,5561;5564;5567;5570;5573;5576;5579,248,H-:N
PAP-H2,1666,26083103,150,5582;5585;5588;5591;5594;5597;5600,1478,H-:N
PAP-H2,1666,26083103,151,5603;5606;5609;5612;5615;5618;5621,491,H-:N
PAP-H2,1666,26083103,152,5752;5755;5758;5761;5764;5767;5770,1227,H-:C_short_alpha
PAP-H2,1666,26083103,153,5773;5776;5779;5782;5785;5788;5791,909,H-:N
PAP-H2,1666,26083103,154,5794;5797;5800;5803;5806;5809;5812,235,H-:N
PAP-H2,1666,26083103,155,5815;5818;5821;5824;5827;5830;5833,667,H-:C_short_alpha
PAP-H2,1666,26083103,156,5836;5839;5842;5845;5848;5851;5854,788,"H-:C_long_alpha,N"
PAP-H2,1666,26083103,157,5857;5860;5863;5866;5869;5872;5875,763,H-:N
PAP-H2,1666,26083103,158,5878;5881;5884;5887;5890;5893;5896,657,H-:N
PAP-H2,1666,26083103,159,5899;5902;5905;5908;5911;5914;5917,1403,"H-:C_long_alpha,N;break:C-N_short_arc"
PAP-H2,1666,26083103,160,6048;6051;6054;6057;6060;6063;6066,153,H-:C_short_alpha
PAP-H2,1666,26083103,161,6069;6072;6075;6078;6081;6084;6087,197,H-:N
PAP-H2,1666,26083103,162,6090;6093;6096;6099;6102;6105;6108,917,H-:C_long_alpha
PAP-H2,1666,26083103,163,6111;6114;6117;6120;6123;6126;6129,731,H-:C_long_alpha
PAP-H2,1666,26083103,164,6132;6135;6138;6141;6144;6147;6150,2532,"H-:C_short_alpha,N"
PAP-H2,1666,26083103,165,6153;6156;6159;6162;6165;6168;6171,114,H-:N
PAP-H2,1666,26083103,166,6174;6177;6180;6183;6186;6189;6192,719,H-:N
PAP-H2,1666,26083103,167,6195;6198;6201;6204;6207;6210;6213,261,H-:N
PAP-H2,1666,26083103,168,6344;6347;6350;6353;6356;6359;6362,759,H-:N
PAP-H2,1666,26083103,169,6365;6368;6371;6374;6377;6380;6383,1613,H-:N
PAP-H2,1666,26083103,170,6386;6389;6392;6395;6398;6401;6404,362,H-:N
PAP-H2,1666,26083103,171,6407;6410;6413;6416;6419;6422;6425,752,break:C-N_long_arc
PAP-H2,1666,26083103,172,6428;6431;6434;6437;6440;6443;6446,1617,H-:N
PAP-H2,1666,26083103,173,6449;6452;6455;6458;6461;6464;6467,1579,break:C-N_short_arc
PAP-H2,1666,26083103,174,6470;6473;6476;6479;6482;6485;6488,823,H-:N
PAP-H2,1666,26083103,175,6491;6494;6497;6500;6503;6506;6509,771,H-:N
PAP-H2,1666,26083103,176,6640;6643;6646;6649;6652;6655;6658,108,break:C-N_short_arc
PAP-H2,1666,26083103,177,6661;6664;6667;6670;6673;6676;6679,1066,H-:C_short_alpha
PAP-H2,1666,26083103,178,6682;6685;6688;6691;6694;6697;6700,663,H-:C_long_beta
PAP-H2,1666,26083103,179,6703;6706;6709;6712;6715;6718;6721,50,H-:N
PAP-H2,1666,26083103,180,6724;6727;6730;6733;6736;6739;6742,690,H-:N
PAP-H2,1666,26083103,181,6745;6748;6751;6754;6757;6760;6763,1272,H-:N
PAP-H2,1666,26083103,182,6766;6769;6772;6775;6778;6781;6784,1463,H-:C_short_alpha
PAP-H2,1666,26083103,183,6787;6790;6793;6796;6799;6802;6805,508,H-:N
PAP-H2,1666,26083103,184,6936;6939;6942;6945;6948;6951;6954,114,H-:N
PAP-H2,1666,26083103,185,6957;6960;6963;6966;6969;6972;6975,1526,H-:C_long_alpha
PAP-H2,1666,26083103,186,6978;6981;6984;6987;6990;6993;6996,672,H-:N
PAP-H2,1666,26083103,187,6999;7002;7005;7008;7011;7014;7017,506,H-:N
PAP-H2,1666,26083103,188,7020;7023;7026;7029;7032;7035;7038,934,H-:N
PAP-H2,1666,26083103,189,7041;7044;7047;7050;7053;7056;7059,34,H-:N
PAP-H2,1666,26083103,190,7062;7065;7068;7071;7074;7077;7080,1301,H-:C_short_alpha
PAP-H2,1666,26083103,191,7083;7086;7089;7092;7095;7098;7101,710,H-:C_long_alpha
