material,temperature_K,seed,a_site,a_heavy_atom_ids_zero_based,k_rows,neighborhood_size
DAP-2,1666,26083101,0,0;2;4;5;6;13;14;15,0;3;4;18;21;22;65;71,8
DAP-2,1666,26083101,1,22;24;26;27;28;35;36;37,16;22;34;35;36;37;65;87,8
DAP-2,1666,26083101,2,44;46;48;49;50;57;58;59,0;1;7;22;28;34;155;165,8
DAP-2,1666,26083101,3,66;68;70;71;72;79;80;81,1;16;18;20;22;23;147;149,8
DAP-2,1666,26083101,4,88;90;92;93;94;101;102;103,1;16;22;23;34;36;163;165,8
DAP-2,1666,26083101,5,110;112;114;115;116;123;124;125,0;1;4;7;18;22;131;149,8
DAP-2,1666,26083101,6,132;134;136;137;138;145;146;147,16;18;19;20;21;22;65;87,8
DAP-2,1666,26083101,7,154;156;158;159;160;167;168;169,0;22;27;28;34;37;65;71,8
DAP-2,1666,26083101,8,304;306;308;309;310;317;318;319,8;11;12;26;29;30;73;79,8
DAP-2,1666,26083101,9,326;328;330;331;332;339;340;341,24;30;42;43;44;45;73;95,8
DAP-2,1666,26083101,10,348;350;352;353;354;361;362;363,8;9;15;20;30;42;147;173,8
DAP-2,1666,26083101,11,370;372;374;375;376;383;384;385,9;24;26;28;30;31;155;157,8
DAP-2,1666,26083101,12,392;394;396;397;398;405;406;407,9;24;30;31;42;44;171;173,8
DAP-2,1666,26083101,13,414;416;418;419;420;427;428;429,8;9;12;15;26;30;139;157,8
DAP-2,1666,26083101,14,436;438;440;441;442;449;450;451,24;26;27;28;29;30;73;95,8
DAP-2,1666,26083101,15,458;460;462;463;464;471;472;473,8;19;20;30;42;45;73;79,8
DAP-2,1666,26083101,16,608;610;612;613;614;621;622;623,16;19;20;42;45;46;81;87,8
DAP-2,1666,26083101,17,630;632;634;635;636;643;644;645,40;46;50;51;52;53;81;111,8
DAP-2,1666,26083101,18,652;654;656;657;658;665;666;667,16;17;23;36;46;50;163;181,8
DAP-2,1666,26083101,19,674;676;678;679;680;687;688;689,17;40;42;44;46;47;171;173,8
DAP-2,1666,26083101,20,696;698;700;701;702;709;710;711,17;40;46;47;50;52;179;181,8
DAP-2,1666,26083101,21,718;720;722;723;724;731;732;733,16;17;20;23;42;46;147;173,8
DAP-2,1666,26083101,22,740;742;744;745;746;753;754;755,40;42;43;44;45;46;81;111,8
DAP-2,1666,26083101,23,762;764;766;767;768;775;776;777,16;35;36;46;50;53;81;87,8
DAP-2,1666,26083101,24,912;914;916;917;918;925;926;927,24;27;28;34;37;38;89;95,8
DAP-2,1666,26083101,25,934;936;938;939;940;947;948;949,32;38;58;59;60;61;89;103,8
DAP-2,1666,26083101,26,956;958;960;961;962;969;970;971,24;25;31;38;44;58;171;189,8
DAP-2,1666,26083101,27,978;980;982;983;984;991;992;993,25;32;34;36;38;39;163;165,8
DAP-2,1666,26083101,28,1000;1002;1004;1005;1006;1013;1014;1015,25;32;38;39;58;60;187;189,8
DAP-2,1666,26083101,29,1022;1024;1026;1027;1028;1035;1036;1037,24;25;28;31;34;38;155;165,8
DAP-2,1666,26083101,30,1044;1046;1048;1049;1050;1057;1058;1059,32;34;35;36;37;38;89;103,8
DAP-2,1666,26083101,31,1066;1068;1070;1071;1072;1079;1080;1081,24;38;43;44;58;61;89;95,8
DAP-2,1666,26083101,32,1216;1218;1220;1221;1222;1229;1230;1231,32;35;36;50;53;54;97;103,8
DAP-2,1666,26083101,33,1238;1240;1242;1243;1244;1251;1252;1253,2;3;4;5;48;54;97;119,8
DAP-2,1666,26083101,34,1260;1262;1264;1265;1266;1273;1274;1275,2;32;33;39;54;60;133;187,8
DAP-2,1666,26083101,35,1282;1284;1286;1287;1288;1295;1296;1297,33;48;50;52;54;55;179;181,8
DAP-2,1666,26083101,36,1304;1306;1308;1309;1310;1317;1318;1319,2;4;33;48;54;55;131;133,8
DAP-2,1666,26083101,37,1326;1328;1330;1331;1332;1339;1340;1341,32;33;36;39;50;54;163;181,8
DAP-2,1666,26083101,38,1348;1350;1352;1353;1354;1361;1362;1363,48;50;51;52;53;54;97;119,8
DAP-2,1666,26083101,39,1370;1372;1374;1375;1376;1383;1384;1385,2;5;32;54;59;60;97;103,8
DAP-2,1666,26083101,40,1520;1522;1524;1525;1526;1533;1534;1535,40;43;44;58;61;62;105;111,8
DAP-2,1666,26083101,41,1542;1544;1546;1547;1548;1555;1556;1557,10;11;12;13;56;62;105;127,8
DAP-2,1666,26083101,42,1564;1566;1568;1569;1570;1577;1578;1579,10;40;41;47;52;62;141;179,8
DAP-2,1666,26083101,43,1586;1588;1590;1591;1592;1599;1600;1601,41;56;58;60;62;63;187;189,8
DAP-2,1666,26083101,44,1608;1610;1612;1613;1614;1621;1622;1623,10;12;41;56;62;63;139;141,8
DAP-2,1666,26083101,45,1630;1632;1634;1635;1636;1643;1644;1645,40;41;44;47;58;62;171;189,8
DAP-2,1666,26083101,46,1652;1654;1656;1657;1658;1665;1666;1667,56;58;59;60;61;62;105;127,8
DAP-2,1666,26083101,47,1674;1676;1678;1679;1680;1687;1688;1689,10;13;40;51;52;62;105;111,8
DAP-2,1666,26083101,48,1824;1826;1828;1829;1830;1837;1838;1839,10;13;14;48;51;52;113;119,8
DAP-2,1666,26083101,49,1846;1848;1850;1851;1852;1859;1860;1861,8;14;18;19;20;21;79;113,8
DAP-2,1666,26083101,50,1868;1870;1872;1873;1874;1881;1882;1883,4;14;18;48;49;55;131;149,8
DAP-2,1666,26083101,51,1890;1892;1894;1895;1896;1903;1904;1905,8;10;12;14;15;49;139;141,8
DAP-2,1666,26083101,52,1912;1914;1916;1917;1918;1925;1926;1927,8;14;15;18;20;49;147;149,8
DAP-2,1666,26083101,53,1934;1936;1938;1939;1940;1947;1948;1949,10;14;48;49;52;55;141;179,8
DAP-2,1666,26083101,54,1956;1958;1960;1961;1962;1969;1970;1971,8;10;11;12;13;14;79;113,8
DAP-2,1666,26083101,55,1978;1980;1982;1983;1984;1991;1992;1993,3;4;14;18;21;48;113;119,8
DAP-2,1666,26083101,56,2128;2130;2132;2133;2134;2141;2142;2143,2;5;6;56;59;60;121;127,8
DAP-2,1666,26083101,57,2150;2152;2154;2155;2156;2163;2164;2165,0;6;26;27;28;29;71;121,8
DAP-2,1666,26083101,58,2172;2174;2176;2177;2178;2185;2186;2187,6;12;26;56;57;63;139;157,8
DAP-2,1666,26083101,59,2194;2196;2198;2199;2200;2207;2208;2209,0;2;4;6;7;57;131;133,8
DAP-2,1666,26083101,60,2216;2218;2220;2221;2222;2229;2230;2231,0;6;7;26;28;57;155;157,8
DAP-2,1666,26083101,61,2238;2240;2242;2243;2244;2251;2252;2253,2;6;56;57;60;63;133;187,8
DAP-2,1666,26083101,62,2260;2262;2264;2265;2266;2273;2274;2275,0;2;3;4;5;6;71;121,8
DAP-2,1666,26083101,63,2282;2284;2286;2287;2288;2295;2296;2297,6;11;12;26;29;56;121;127,8
DAP-2,1666,26083101,64,2432;2434;2436;2437;2438;2445;2446;2447,64;67;68;82;85;86;129;135,8
DAP-2,1666,26083101,65,2454;2456;2458;2459;2460;2467;2468;2469,80;86;98;99;100;101;129;151,8
DAP-2,1666,26083101,66,2476;2478;2480;2481;2482;2489;2490;2491,27;37;64;65;71;86;92;98,8
DAP-2,1666,26083101,67,2498;2500;2502;2503;2504;2511;2512;2513,19;21;65;80;82;84;86;87,8
DAP-2,1666,26083101,68,2520;2522;2524;2525;2526;2533;2534;2535,35;37;65;80;86;87;98;100,8
DAP-2,1666,26083101,69,2542;2544;2546;2547;2548;2555;2556;2557,3;21;64;65;68;71;82;86,8
DAP-2,1666,26083101,70,2564;2566;2568;2569;2570;2577;2578;2579,80;82;83;84;85;86;129;151,8
DAP-2,1666,26083101,71,2586;2588;2590;2591;2592;2599;2600;2601,64;86;91;92;98;101;129;135,8
DAP-2,1666,26083101,72,2736;2738;2740;2741;2742;2749;2750;2751,72;75;76;90;93;94;137;143,8
DAP-2,1666,26083101,73,2758;2760;2762;2763;2764;2771;2772;2773,88;94;106;107;108;109;137;159,8
DAP-2,1666,26083101,74,2780;2782;2784;2785;2786;2793;2794;2795,19;45;72;73;79;84;94;106,8
DAP-2,1666,26083101,75,2802;2804;2806;2807;2808;2815;2816;2817,27;29;73;88;90;92;94;95,8
DAP-2,1666,26083101,76,2824;2826;2828;2829;2830;2837;2838;2839,43;45;73;88;94;95;106;108,8
DAP-2,1666,26083101,77,2846;2848;2850;2851;2852;2859;2860;2861,11;29;72;73;76;79;90;94,8
DAP-2,1666,26083101,78,2868;2870;2872;2873;2874;2881;2882;2883,88;90;91;92;93;94;137;159,8
DAP-2,1666,26083101,79,2890;2892;2894;2895;2896;2903;2904;2905,72;83;84;94;106;109;137;143,8
DAP-2,1666,26083101,80,3040;3042;3044;3045;3046;3053;3054;3055,80;83;84;106;109;110;145;151,8
DAP-2,1666,26083101,81,3062;3064;3066;3067;3068;3075;3076;3077,104;110;114;115;116;117;145;175,8
DAP-2,1666,26083101,82,3084;3086;3088;3089;3090;3097;3098;3099,35;53;80;81;87;100;110;114,8
DAP-2,1666,26083101,83,3106;3108;3110;3111;3112;3119;3120;3121,43;45;81;104;106;108;110;111,8
DAP-2,1666,26083101,84,3128;3130;3132;3133;3134;3141;3142;3143,51;53;81;104;110;111;114;116,8
DAP-2,1666,26083101,85,3150;3152;3154;3155;3156;3163;3164;3165,19;45;80;81;84;87;106;110,8
DAP-2,1666,26083101,86,3172;3174;3176;3177;3178;3185;3186;3187,104;106;107;108;109;110;145;175,8
DAP-2,1666,26083101,87,3194;3196;3198;3199;3200;3207;3208;3209,80;99;100;110;114;117;145;151,8
DAP-2,1666,26083101,88,3344;3346;3348;3349;3350;3357;3358;3359,88;91;92;98;101;102;153;159,8
DAP-2,1666,26083101,89,3366;3368;3370;3371;3372;3379;3380;3381,96;102;122;123;124;125;153;167,8
DAP-2,1666,26083101,90,3388;3390;3392;3393;3394;3401;3402;3403,43;61;88;89;95;102;108;122,8
DAP-2,1666,26083101,91,3410;3412;3414;3415;3416;3423;3424;3425,35;37;89;96;98;100;102;103,8
DAP-2,1666,26083101,92,3432;3434;3436;3437;3438;3445;3446;3447,59;61;89;96;102;103;122;124,8
DAP-2,1666,26083101,93,3454;3456;3458;3459;3460;3467;3468;3469,27;37;88;89;92;95;98;102,8
DAP-2,1666,26083101,94,3476;3478;3480;3481;3482;3489;3490;3491,96;98;99;100;101;102;153;167,8
DAP-2,1666,26083101,95,3498;3500;3502;3503;3504;3511;3512;3513,88;102;107;108;122;125;153;159,8
DAP-2,1666,26083101,96,3648;3650;3652;3653;3654;3661;3662;3663,96;99;100;114;117;118;161;167,8
DAP-2,1666,26083101,97,3670;3672;3674;3675;3676;3683;3684;3685,66;67;68;69;112;118;161;183,8
DAP-2,1666,26083101,98,3692;3694;3696;3697;3698;3705;3706;3707,5;59;66;96;97;103;118;124,8
DAP-2,1666,26083101,99,3714;3716;3718;3719;3720;3727;3728;3729,51;53;97;112;114;116;118;119,8
DAP-2,1666,26083101,100,3736;3738;3740;3741;3742;3749;3750;3751,3;5;66;68;97;112;118;119,8
DAP-2,1666,26083101,101,3758;3760;3762;3763;3764;3771;3772;3773,35;53;96;97;100;103;114;118,8
DAP-2,1666,26083101,102,3780;3782;3784;3785;3786;3793;3794;3795,112;114;115;116;117;118;161;183,8
DAP-2,1666,26083101,103,3802;3804;3806;3807;3808;3815;3816;3817,66;69;96;118;123;124;161;167,8
DAP-2,1666,26083101,104,3952;3954;3956;3957;3958;3965;3966;3967,104;107;108;122;125;126;169;175,8
DAP-2,1666,26083101,105,3974;3976;3978;3979;3980;3987;3988;3989,74;75;76;77;120;126;169;191,8
DAP-2,1666,26083101,106,3996;3998;4000;4001;4002;4009;4010;4011,13;51;74;104;105;111;116;126,8
DAP-2,1666,26083101,107,4018;4020;4022;4023;4024;4031;4032;4033,59;61;105;120;122;124;126;127,8
DAP-2,1666,26083101,108,4040;4042;4044;4045;4046;4053;4054;4055,11;13;74;76;105;120;126;127,8
DAP-2,1666,26083101,109,4062;4064;4066;4067;4068;4075;4076;4077,43;61;104;105;108;111;122;126,8
DAP-2,1666,26083101,110,4084;4086;4088;4089;4090;4097;4098;4099,120;122;123;124;125;126;169;191,8
DAP-2,1666,26083101,111,4106;4108;4110;4111;4112;4119;4120;4121,74;77;104;115;116;126;169;175,8
DAP-2,1666,26083101,112,4256;4258;4260;4261;4262;4269;4270;4271,74;77;78;112;115;116;177;183,8
DAP-2,1666,26083101,113,4278;4280;4282;4283;4284;4291;4292;4293,72;78;82;83;84;85;143;177,8
DAP-2,1666,26083101,114,4300;4302;4304;4305;4306;4313;4314;4315,3;21;68;78;82;112;113;119,8
DAP-2,1666,26083101,115,4322;4324;4326;4327;4328;4335;4336;4337,11;13;72;74;76;78;79;113,8
DAP-2,1666,26083101,116,4344;4346;4348;4349;4350;4357;4358;4359,19;21;72;78;79;82;84;113,8
DAP-2,1666,26083101,117,4366;4368;4370;4371;4372;4379;4380;4381,13;51;74;78;112;113;116;119,8
DAP-2,1666,26083101,118,4388;4390;4392;4393;4394;4401;4402;4403,72;74;75;76;77;78;143;177,8
DAP-2,1666,26083101,119,4410;4412;4414;4415;4416;4423;4424;4425,67;68;78;82;85;112;177;183,8
DAP-2,1666,26083101,120,4560;4562;4564;4565;4566;4573;4574;4575,66;69;70;120;123;124;185;191,8
DAP-2,1666,26083101,121,4582;4584;4586;4587;4588;4595;4596;4597,64;70;90;91;92;93;135;185,8
DAP-2,1666,26083101,122,4604;4606;4608;4609;4610;4617;4618;4619,11;29;70;76;90;120;121;127,8
DAP-2,1666,26083101,123,4626;4628;4630;4631;4632;4639;4640;4641,3;5;64;66;68;70;71;121,8
DAP-2,1666,26083101,124,4648;4650;4652;4653;4654;4661;4662;4663,27;29;64;70;71;90;92;121,8
DAP-2,1666,26083101,125,4670;4672;4674;4675;4676;4683;4684;4685,5;59;66;70;120;121;124;127,8
DAP-2,1666,26083101,126,4692;4694;4696;4697;4698;4705;4706;4707,64;66;67;68;69;70;135;185,8
DAP-2,1666,26083101,127,4714;4716;4718;4719;4720;4727;4728;4729,70;75;76;90;93;120;185;191,8
DAP-2,1666,26083101,128,4864;4866;4868;4869;4870;4877;4878;4879,1;7;128;131;132;146;149;150,8
DAP-2,1666,26083101,129,4886;4888;4890;4891;4892;4899;4900;4901,1;23;144;150;162;163;164;165,8
DAP-2,1666,26083101,130,4908;4910;4912;4913;4914;4921;4922;4923,91;101;128;129;135;150;156;162,8
DAP-2,1666,26083101,131,4930;4932;4934;4935;4936;4943;4944;4945,83;85;129;144;146;148;150;151,8
DAP-2,1666,26083101,132,4952;4954;4956;4957;4958;4965;4966;4967,99;101;129;144;150;151;162;164,8
DAP-2,1666,26083101,133,4974;4976;4978;4979;4980;4987;4988;4989,67;85;128;129;132;135;146;150,8
DAP-2,1666,26083101,134,4996;4998;5000;5001;5002;5009;5010;5011,1;23;144;146;147;148;149;150,8
DAP-2,1666,26083101,135,5018;5020;5022;5023;5024;5031;5032;5033,1;7;128;150;155;156;162;165,8
DAP-2,1666,26083101,136,5168;5170;5172;5173;5174;5181;5182;5183,9;15;136;139;140;154;157;158,8
DAP-2,1666,26083101,137,5190;5192;5194;5195;5196;5203;5204;5205,9;31;152;158;170;171;172;173,8
DAP-2,1666,26083101,138,5212;5214;5216;5217;5218;5225;5226;5227,83;109;136;137;143;148;158;170,8
DAP-2,1666,26083101,139,5234;5236;5238;5239;5240;5247;5248;5249,91;93;137;152;154;156;158;159,8
DAP-2,1666,26083101,140,5256;5258;5260;5261;5262;5269;5270;5271,107;109;137;152;158;159;170;172,8
DAP-2,1666,26083101,141,5278;5280;5282;5283;5284;5291;5292;5293,75;93;136;137;140;143;154;158,8
DAP-2,1666,26083101,142,5300;5302;5304;5305;5306;5313;5314;5315,9;31;152;154;155;156;157;158,8
DAP-2,1666,26083101,143,5322;5324;5326;5327;5328;5335;5336;5337,9;15;136;147;148;158;170;173,8
DAP-2,1666,26083101,144,5472;5474;5476;5477;5478;5485;5486;5487,17;23;144;147;148;170;173;174,8
DAP-2,1666,26083101,145,5494;5496;5498;5499;5500;5507;5508;5509,17;47;168;174;178;179;180;181,8
DAP-2,1666,26083101,146,5516;5518;5520;5521;5522;5529;5530;5531,99;117;144;145;151;164;174;178,8
DAP-2,1666,26083101,147,5538;5540;5542;5543;5544;5551;5552;5553,107;109;145;168;170;172;174;175,8
DAP-2,1666,26083101,148,5560;5562;5564;5565;5566;5573;5574;5575,115;117;145;168;174;175;178;180,8
DAP-2,1666,26083101,149,5582;5584;5586;5587;5588;5595;5596;5597,83;109;144;145;148;151;170;174,8
DAP-2,1666,26083101,150,5604;5606;5608;5609;5610;5617;5618;5619,17;47;168;170;171;172;173;174,8
DAP-2,1666,26083101,151,5626;5628;5630;5631;5632;5639;5640;5641,17;23;144;163;164;174;178;181,8
DAP-2,1666,26083101,152,5776;5778;5780;5781;5782;5789;5790;5791,25;31;152;155;156;162;165;166,8
DAP-2,1666,26083101,153,5798;5800;5802;5803;5804;5811;5812;5813,25;39;160;166;186;187;188;189,8
DAP-2,1666,26083101,154,5820;5822;5824;5825;5826;5833;5834;5835,107;125;152;153;159;166;172;186,8
DAP-2,1666,26083101,155,5842;5844;5846;5847;5848;5855;5856;5857,99;101;153;160;162;164;166;167,8
DAP-2,1666,26083101,156,5864;5866;5868;5869;5870;5877;5878;5879,123;125;153;160;166;167;186;188,8
DAP-2,1666,26083101,157,5886;5888;5890;5891;5892;5899;5900;5901,91;101;152;153;156;159;162;166,8
DAP-2,1666,26083101,158,5908;5910;5912;5913;5914;5921;5922;5923,25;39;160;162;163;164;165;166,8
DAP-2,1666,26083101,159,5930;5932;5934;5935;5936;5943;5944;5945,25;31;152;166;171;172;186;189,8
DAP-2,1666,26083101,160,6080;6082;6084;6085;6086;6093;6094;6095,33;39;160;163;164;178;181;182,8
DAP-2,1666,26083101,161,6102;6104;6106;6107;6108;6115;6116;6117,33;55;130;131;132;133;176;182,8
DAP-2,1666,26083101,162,6124;6126;6128;6129;6130;6137;6138;6139,69;123;130;160;161;167;182;188,8
DAP-2,1666,26083101,163,6146;6148;6150;6151;6152;6159;6160;6161,115;117;161;176;178;180;182;183,8
DAP-2,1666,26083101,164,6168;6170;6172;6173;6174;6181;6182;6183,67;69;130;132;161;176;182;183,8
DAP-2,1666,26083101,165,6190;6192;6194;6195;6196;6203;6204;6205,99;117;160;161;164;167;178;182,8
DAP-2,1666,26083101,166,6212;6214;6216;6217;6218;6225;6226;6227,33;55;176;178;179;180;181;182,8
DAP-2,1666,26083101,167,6234;6236;6238;6239;6240;6247;6248;6249,33;39;130;133;160;182;187;188,8
DAP-2,1666,26083101,168,6384;6386;6388;6389;6390;6397;6398;6399,41;47;168;171;172;186;189;190,8
DAP-2,1666,26083101,169,6406;6408;6410;6411;6412;6419;6420;6421,41;63;138;139;140;141;184;190,8
DAP-2,1666,26083101,170,6428;6430;6432;6433;6434;6441;6442;6443,77;115;138;168;169;175;180;190,8
DAP-2,1666,26083101,171,6450;6452;6454;6455;6456;6463;6464;6465,123;125;169;184;186;188;190;191,8
DAP-2,1666,26083101,172,6472;6474;6476;6477;6478;6485;6486;6487,75;77;138;140;169;184;190;191,8
DAP-2,1666,26083101,173,6494;6496;6498;6499;6500;6507;6508;6509,107;125;168;169;172;175;186;190,8
DAP-2,1666,26083101,174,6516;6518;6520;6521;6522;6529;6530;6531,41;63;184;186;187;188;189;190,8
DAP-2,1666,26083101,175,6538;6540;6542;6543;6544;6551;6552;6553,41;47;138;141;168;179;180;190,8
DAP-2,1666,26083101,176,6688;6690;6692;6693;6694;6701;6702;6703,49;55;138;141;142;176;179;180,8
DAP-2,1666,26083101,177,6710;6712;6714;6715;6716;6723;6724;6725,15;49;136;142;146;147;148;149,8
DAP-2,1666,26083101,178,6732;6734;6736;6737;6738;6745;6746;6747,67;85;132;142;146;176;177;183,8
DAP-2,1666,26083101,179,6754;6756;6758;6759;6760;6767;6768;6769,75;77;136;138;140;142;143;177,8
DAP-2,1666,26083101,180,6776;6778;6780;6781;6782;6789;6790;6791,83;85;136;142;143;146;148;177,8
DAP-2,1666,26083101,181,6798;6800;6802;6803;6804;6811;6812;6813,77;115;138;142;176;177;180;183,8
DAP-2,1666,26083101,182,6820;6822;6824;6825;6826;6833;6834;6835,15;49;136;138;139;140;141;142,8
DAP-2,1666,26083101,183,6842;6844;6846;6847;6848;6855;6856;6857,49;55;131;132;142;146;149;176,8
DAP-2,1666,26083101,184,6992;6994;6996;6997;6998;7005;7006;7007,57;63;130;133;134;184;187;188,8
DAP-2,1666,26083101,185,7014;7016;7018;7019;7020;7027;7028;7029,7;57;128;134;154;155;156;157,8
DAP-2,1666,26083101,186,7036;7038;7040;7041;7042;7049;7050;7051,75;93;134;140;154;184;185;191,8
DAP-2,1666,26083101,187,7058;7060;7062;7063;7064;7071;7072;7073,67;69;128;130;132;134;135;185,8
DAP-2,1666,26083101,188,7080;7082;7084;7085;7086;7093;7094;7095,91;93;128;134;135;154;156;185,8
DAP-2,1666,26083101,189,7102;7104;7106;7107;7108;7115;7116;7117,69;123;130;134;184;185;188;191,8
DAP-2,1666,26083101,190,7124;7126;7128;7129;7130;7137;7138;7139,7;57;128;130;131;132;133;134,8
DAP-2,1666,26083101,191,7146;7148;7150;7151;7152;7159;7160;7161,57;63;134;139;140;154;157;184,8
DAP-2,1666,26083102,0,0;2;4;5;6;13;14;15,0;3;4;18;21;22;65;71,8
DAP-2,1666,26083102,1,22;24;26;27;28;35;36;37,16;22;34;35;36;37;65;87,8
DAP-2,1666,26083102,2,44;46;48;49;50;57;58;59,0;1;7;22;28;34;155;165,8
DAP-2,1666,26083102,3,66;68;70;71;72;79;80;81,1;16;18;20;22;23;147;149,8
DAP-2,1666,26083102,4,88;90;92;93;94;101;102;103,1;16;22;23;34;36;163;165,8
DAP-2,1666,26083102,5,110;112;114;115;116;123;124;125,0;1;4;7;18;22;131;149,8
DAP-2,1666,26083102,6,132;134;136;137;138;145;146;147,16;18;19;20;21;22;65;87,8
DAP-2,1666,26083102,7,154;156;158;159;160;167;168;169,0;22;27;28;34;37;65;71,8
DAP-2,1666,26083102,8,304;306;308;309;310;317;318;319,8;11;12;26;29;30;73;79,8
DAP-2,1666,26083102,9,326;328;330;331;332;339;340;341,24;30;42;43;44;45;73;95,8
DAP-2,1666,26083102,10,348;350;352;353;354;361;362;363,8;9;15;20;30;42;147;173,8
DAP-2,1666,26083102,11,370;372;374;375;376;383;384;385,9;24;26;28;30;31;155;157,8
DAP-2,1666,26083102,12,392;394;396;397;398;405;406;407,9;24;30;31;42;44;171;173,8
DAP-2,1666,26083102,13,414;416;418;419;420;427;428;429,8;9;12;15;26;30;139;157,8
DAP-2,1666,26083102,14,436;438;440;441;442;449;450;451,24;26;27;28;29;30;73;95,8
DAP-2,1666,26083102,15,458;460;462;463;464;471;472;473,8;19;20;30;42;45;73;79,8
DAP-2,1666,26083102,16,608;610;612;613;614;621;622;623,16;19;20;42;45;46;81;87,8
DAP-2,1666,26083102,17,630;632;634;635;636;643;644;645,40;46;50;51;52;53;81;111,8
DAP-2,1666,26083102,18,652;654;656;657;658;665;666;667,16;17;23;36;46;50;163;181,8
DAP-2,1666,26083102,19,674;676;678;679;680;687;688;689,17;40;42;44;46;47;171;173,8
DAP-2,1666,26083102,20,696;698;700;701;702;709;710;711,17;40;46;47;50;52;179;181,8
DAP-2,1666,26083102,21,718;720;722;723;724;731;732;733,16;17;20;23;42;46;147;173,8
DAP-2,1666,26083102,22,740;742;744;745;746;753;754;755,40;42;43;44;45;46;81;111,8
DAP-2,1666,26083102,23,762;764;766;767;768;775;776;777,16;35;36;46;50;53;81;87,8
DAP-2,1666,26083102,24,912;914;916;917;918;925;926;927,24;27;28;34;37;38;89;95,8
DAP-2,1666,26083102,25,934;936;938;939;940;947;948;949,32;38;58;59;60;61;89;103,8
DAP-2,1666,26083102,26,956;958;960;961;962;969;970;971,24;25;31;38;44;58;171;189,8
DAP-2,1666,26083102,27,978;980;982;983;984;991;992;993,25;32;34;36;38;39;163;165,8
DAP-2,1666,26083102,28,1000;1002;1004;1005;1006;1013;1014;1015,25;32;38;39;58;60;187;189,8
DAP-2,1666,26083102,29,1022;1024;1026;1027;1028;1035;1036;1037,24;25;28;31;34;38;155;165,8
DAP-2,1666,26083102,30,1044;1046;1048;1049;1050;1057;1058;1059,32;34;35;36;37;38;89;103,8
DAP-2,1666,26083102,31,1066;1068;1070;1071;1072;1079;1080;1081,24;38;43;44;58;61;89;95,8
DAP-2,1666,26083102,32,1216;1218;1220;1221;1222;1229;1230;1231,32;35;36;50;53;54;97;103,8
DAP-2,1666,26083102,33,1238;1240;1242;1243;1244;1251;1252;1253,2;3;4;5;48;54;97;119,8
DAP-2,1666,26083102,34,1260;1262;1264;1265;1266;1273;1274;1275,2;32;33;39;54;60;133;187,8
DAP-2,1666,26083102,35,1282;1284;1286;1287;1288;1295;1296;1297,33;48;50;52;54;55;179;181,8
DAP-2,1666,26083102,36,1304;1306;1308;1309;1310;1317;1318;1319,2;4;33;48;54;55;131;133,8
DAP-2,1666,26083102,37,1326;1328;1330;1331;1332;1339;1340;1341,32;33;36;39;50;54;163;181,8
DAP-2,1666,26083102,38,1348;1350;1352;1353;1354;1361;1362;1363,48;50;51;52;53;54;97;119,8
DAP-2,1666,26083102,39,1370;1372;1374;1375;1376;1383;1384;1385,2;5;32;54;59;60;97;103,8
DAP-2,1666,26083102,40,1520;1522;1524;1525;1526;1533;1534;1535,40;43;44;58;61;62;105;111,8
DAP-2,1666,26083102,41,1542;1544;1546;1547;1548;1555;1556;1557,10;11;12;13;56;62;105;127,8
DAP-2,1666,26083102,42,1564;1566;1568;1569;1570;1577;1578;1579,10;40;41;47;52;62;141;179,8
DAP-2,1666,26083102,43,1586;1588;1590;1591;1592;1599;1600;1601,41;56;58;60;62;63;187;189,8
DAP-2,1666,26083102,44,1608;1610;1612;1613;1614;1621;1622;1623,10;12;41;56;62;63;139;141,8
DAP-2,1666,26083102,45,1630;1632;1634;1635;1636;1643;1644;1645,40;41;44;47;58;62;171;189,8
DAP-2,1666,26083102,46,1652;1654;1656;1657;1658;1665;1666;1667,56;58;59;60;61;62;105;127,8
DAP-2,1666,26083102,47,1674;1676;1678;1679;1680;1687;1688;1689,10;13;40;51;52;62;105;111,8
DAP-2,1666,26083102,48,1824;1826;1828;1829;1830;1837;1838;1839,10;13;14;48;51;52;113;119,8
DAP-2,1666,26083102,49,1846;1848;1850;1851;1852;1859;1860;1861,8;14;18;19;20;21;79;113,8
DAP-2,1666,26083102,50,1868;1870;1872;1873;1874;1881;1882;1883,4;14;18;48;49;55;131;149,8
DAP-2,1666,26083102,51,1890;1892;1894;1895;1896;1903;1904;1905,8;10;12;14;15;49;139;141,8
DAP-2,1666,26083102,52,1912;1914;1916;1917;1918;1925;1926;1927,8;14;15;18;20;49;147;149,8
DAP-2,1666,26083102,53,1934;1936;1938;1939;1940;1947;1948;1949,10;14;48;49;52;55;141;179,8
DAP-2,1666,26083102,54,1956;1958;1960;1961;1962;1969;1970;1971,8;10;11;12;13;14;79;113,8
DAP-2,1666,26083102,55,1978;1980;1982;1983;1984;1991;1992;1993,3;4;14;18;21;48;113;119,8
DAP-2,1666,26083102,56,2128;2130;2132;2133;2134;2141;2142;2143,2;5;6;56;59;60;121;127,8
DAP-2,1666,26083102,57,2150;2152;2154;2155;2156;2163;2164;2165,0;6;26;27;28;29;71;121,8
DAP-2,1666,26083102,58,2172;2174;2176;2177;2178;2185;2186;2187,6;12;26;56;57;63;139;157,8
DAP-2,1666,26083102,59,2194;2196;2198;2199;2200;2207;2208;2209,0;2;4;6;7;57;131;133,8
DAP-2,1666,26083102,60,2216;2218;2220;2221;2222;2229;2230;2231,0;6;7;26;28;57;155;157,8
DAP-2,1666,26083102,61,2238;2240;2242;2243;2244;2251;2252;2253,2;6;56;57;60;63;133;187,8
DAP-2,1666,26083102,62,2260;2262;2264;2265;2266;2273;2274;2275,0;2;3;4;5;6;71;121,8
DAP-2,1666,26083102,63,2282;2284;2286;2287;2288;2295;2296;2297,6;11;12;26;29;56;121;127,8
DAP-2,1666,26083102,64,2432;2434;2436;2437;2438;2445;2446;2447,64;67;68;82;85;86;129;135,8
DAP-2,1666,26083102,65,2454;2456;2458;2459;2460;2467;2468;2469,80;86;98;99;100;101;129;151,8
DAP-2,1666,26083102,66,2476;2478;2480;2481;2482;2489;2490;2491,27;37;64;65;71;86;92;98,8
DAP-2,1666,26083102,67,2498;2500;2502;2503;2504;2511;2512;2513,19;21;65;80;82;84;86;87,8
DAP-2,1666,26083102,68,2520;2522;2524;2525;2526;2533;2534;2535,35;37;65;80;86;87;98;100,8
DAP-2,1666,26083102,69,2542;2544;2546;2547;2548;2555;2556;2557,3;21;64;65;68;71;82;86,8
DAP-2,1666,26083102,70,2564;2566;2568;2569;2570;2577;2578;2579,80;82;83;84;85;86;129;151,8
DAP-2,1666,26083102,71,2586;2588;2590;2591;2592;2599;2600;2601,64;86;91;92;98;101;129;135,8
DAP-2,1666,26083102,72,2736;2738;2740;2741;2742;2749;2750;2751,72;75;76;90;93;94;137;143,8
DAP-2,1666,26083102,73,2758;2760;2762;2763;2764;2771;2772;2773,88;94;106;107;108;109;137;159,8
DAP-2,1666,26083102,74,2780;2782;2784;2785;2786;2793;2794;2795,19;45;72;73;79;84;94;106,8
DAP-2,1666,26083102,75,2802;2804;2806;2807;2808;2815;2816;2817,27;29;73;88;90;92;94;95,8
DAP-2,1666,26083102,76,2824;2826;2828;2829;2830;2837;2838;2839,43;45;73;88;94;95;106;108,8
DAP-2,1666,26083102,77,2846;2848;2850;2851;2852;2859;2860;2861,11;29;72;73;76;79;90;94,8
DAP-2,1666,26083102,78,2868;2870;2872;2873;2874;2881;2882;2883,88;90;91;92;93;94;137;159,8
DAP-2,1666,26083102,79,2890;2892;2894;2895;2896;2903;2904;2905,72;83;84;94;106;109;137;143,8
DAP-2,1666,26083102,80,3040;3042;3044;3045;3046;3053;3054;3055,80;83;84;106;109;110;145;151,8
DAP-2,1666,26083102,81,3062;3064;3066;3067;3068;3075;3076;3077,104;110;114;115;116;117;145;175,8
DAP-2,1666,26083102,82,3084;3086;3088;3089;3090;3097;3098;3099,35;53;80;81;87;100;110;114,8
DAP-2,1666,26083102,83,3106;3108;3110;3111;3112;3119;3120;3121,43;45;81;104;106;108;110;111,8
DAP-2,1666,26083102,84,3128;3130;3132;3133;3134;3141;3142;3143,51;53;81;104;110;111;114;116,8
DAP-2,1666,26083102,85,3150;3152;3154;3155;3156;3163;3164;3165,19;45;80;81;84;87;106;110,8
DAP-2,1666,26083102,86,3172;3174;3176;3177;3178;3185;3186;3187,104;106;107;108;109;110;145;175,8
DAP-2,1666,26083102,87,3194;3196;3198;3199;3200;3207;3208;3209,80;99;100;110;114;117;145;151,8
DAP-2,1666,26083102,88,3344;3346;3348;3349;3350;3357;3358;3359,88;91;92;98;101;102;153;159,8
DAP-2,1666,26083102,89,3366;3368;3370;3371;3372;3379;3380;3381,96;102;122;123;124;125;153;167,8
DAP-2,1666,26083102,90,3388;3390;3392;3393;3394;3401;3402;3403,43;61;88;89;95;102;108;122,8
DAP-2,1666,26083102,91,3410;3412;3414;3415;3416;3423;3424;3425,35;37;89;96;98;100;102;103,8
DAP-2,1666,26083102,92,3432;3434;3436;3437;3438;3445;3446;3447,59;61;89;96;102;103;122;124,8
DAP-2,1666,26083102,93,3454;3456;3458;3459;3460;3467;3468;3469,27;37;88;89;92;95;98;102,8
DAP-2,1666,26083102,94,3476;3478;3480;3481;3482;3489;3490;3491,96;98;99;100;101;102;153;167,8
DAP-2,1666,26083102,95,3498;3500;3502;3503;3504;3511;3512;3513,88;102;107;108;122;125;153;159,8
DAP-2,1666,26083102,96,3648;3650;3652;3653;3654;3661;3662;3663,96;99;100;114;117;118;161;167,8
DAP-2,1666,26083102,97,3670;3672;3674;3675;3676;3683;3684;3685,66;67;68;69;112;118;161;183,8
DAP-2,1666,26083102,98,3692;3694;3696;3697;3698;3705;3706;3707,5;59;66;96;97;103;118;124,8
DAP-2,1666,26083102,99,3714;3716;3718;3719;3720;3727;3728;3729,51;53;97;112;114;116;118;119,8
DAP-2,1666,26083102,100,3736;3738;3740;3741;3742;3749;3750;3751,3;5;66;68;97;112;118;119,8
DAP-2,1666,26083102,101,3758;3760;3762;3763;3764;3771;3772;3773,35;53;96;97;100;103;114;118,8
DAP-2,1666,26083102,102,3780;3782;3784;3785;3786;3793;3794;3795,112;114;115;116;117;118;161;183,8
DAP-2,1666,26083102,103,3802;3804;3806;3807;3808;3815;3816;3817,66;69;96;118;123;124;161;167,8
DAP-2,1666,26083102,104,3952;3954;3956;3957;3958;3965;3966;3967,104;107;108;122;125;126;169;175,8
DAP-2,1666,26083102,105,3974;3976;3978;3979;3980;3987;3988;3989,74;75;76;77;120;126;169;191,8
DAP-2,1666,26083102,106,3996;3998;4000;4001;4002;4009;4010;4011,13;51;74;104;105;111;116;126,8
DAP-2,1666,26083102,107,4018;4020;4022;4023;4024;4031;4032;4033,59;61;105;120;122;124;126;127,8
DAP-2,1666,26083102,108,4040;4042;4044;4045;4046;4053;4054;4055,11;13;74;76;105;120;126;127,8
DAP-2,1666,26083102,109,4062;4064;4066;4067;4068;4075;4076;4077,43;61;104;105;108;111;122;126,8
DAP-2,1666,26083102,110,4084;4086;4088;4089;4090;4097;4098;4099,120;122;123;124;125;126;169;191,8
DAP-2,1666,26083102,111,4106;4108;4110;4111;4112;4119;4120;4121,74;77;104;115;116;126;169;175,8
DAP-2,1666,26083102,112,4256;4258;4260;4261;4262;4269;4270;4271,74;77;78;112;115;116;177;183,8
DAP-2,1666,26083102,113,4278;4280;4282;4283;4284;4291;4292;4293,72;78;82;83;84;85;143;177,8
DAP-2,1666,26083102,114,4300;4302;4304;4305;4306;4313;4314;4315,3;21;68;78;82;112;113;119,8
DAP-2,1666,26083102,115,4322;4324;4326;4327;4328;4335;4336;4337,11;13;72;74;76;78;79;113,8
DAP-2,1666,26083102,116,4344;4346;4348;4349;4350;4357;4358;4359,19;21;72;78;79;82;84;113,8
DAP-2,1666,26083102,117,4366;4368;4370;4371;4372;4379;4380;4381,13;51;74;78;112;113;116;119,8
DAP-2,1666,26083102,118,4388;4390;4392;4393;4394;4401;4402;4403,72;74;75;76;77;78;143;177,8
DAP-2,1666,26083102,119,4410;4412;4414;4415;4416;4423;4424;4425,67;68;78;82;85;112;177;183,8
DAP-2,1666,26083102,120,4560;4562;4564;4565;4566;4573;4574;4575,66;69;70;120;123;124;185;191,8
DAP-2,1666,26083102,121,4582;4584;4586;4587;4588;4595;4596;4597,64;70;90;91;92;93;135;185,8
DAP-2,1666,26083102,122,4604;4606;4608;4609;4610;4617;4618;4619,11;29;70;76;90;120;121;127,8
DAP-2,1666,26083102,123,4626;4628;4630;4631;4632;4639;4640;4641,3;5;64;66;68;70;71;121,8
DAP-2,1666,26083102,124,4648;4650;4652;4653;4654;4661;4662;4663,27;29;64;70;71;90;92;121,8
DAP-2,1666,26083102,125,4670;4672;4674;4675;4676;4683;4684;4685,5;59;66;70;120;121;124;127,8
DAP-2,1666,26083102,126,4692;4694;4696;4697;4698;4705;4706;4707,64;66;67;68;69;70;135;185,8
DAP-2,1666,26083102,127,4714;4716;4718;4719;4720;4727;4728;4729,70;75;76;90;93;120;185;191,8
DAP-2,1666,26083102,128,4864;4866;4868;4869;4870;4877;4878;4879,1;7;128;131;132;146;149;150,8
DAP-2,1666,26083102,129,4886;4888;4890;4891;4892;4899;4900;4901,1;23;144;150;162;163;164;165,8
DAP-2,1666,26083102,130,4908;4910;4912;4913;4914;4921;4922;4923,91;101;128;129;135;150;156;162,8
DAP-2,1666,26083102,131,4930;4932;4934;4935;4936;4943;4944;4945,83;85;129;144;146;148;150;151,8
DAP-2,1666,26083102,132,4952;4954;4956;4957;4958;4965;4966;4967,99;101;129;144;150;151;162;164,8
DAP-2,1666,26083102,133,4974;4976;4978;4979;4980;4987;4988;4989,67;85;128;129;132;135;146;150,8
DAP-2,1666,26083102,134,4996;4998;5000;5001;5002;5009;5010;5011,1;23;144;146;147;148;149;150,8
DAP-2,1666,26083102,135,5018;5020;5022;5023;5024;5031;5032;5033,1;7;128;150;155;156;162;165,8
DAP-2,1666,26083102,136,5168;5170;5172;5173;5174;5181;5182;5183,9;15;136;139;140;154;157;158,8
DAP-2,1666,26083102,137,5190;5192;5194;5195;5196;5203;5204;5205,9;31;152;158;170;171;172;173,8
DAP-2,1666,26083102,138,5212;5214;5216;5217;5218;5225;5226;5227,83;109;136;137;143;148;158;170,8
DAP-2,1666,26083102,139,5234;5236;5238;5239;5240;5247;5248;5249,91;93;137;152;154;156;158;159,8
DAP-2,1666,26083102,140,5256;5258;5260;5261;5262;5269;5270;5271,107;109;137;152;158;159;170;172,8
DAP-2,1666,26083102,141,5278;5280;5282;5283;5284;5291;5292;5293,75;93;136;137;140;143;154;158,8
DAP-2,1666,26083102,142,5300;5302;5304;5305;5306;5313;5314;5315,9;31;152;154;155;156;157;158,8
DAP-2,1666,26083102,143,5322;5324;5326;5327;5328;5335;5336;5337,9;15;136;147;148;158;170;173,8
DAP-2,1666,26083102,144,5472;5474;5476;5477;5478;5485;5486;5487,17;23;144;147;148;170;173;174,8
DAP-2,1666,26083102,145,5494;5496;5498;5499;5500;5507;5508;5509,17;47;168;174;178;179;180;181,8
DAP-2,1666,26083102,146,5516;5518;5520;5521;5522;5529;5530;5531,99;117;144;145;151;164;174;178,8
DAP-2,1666,26083102,147,5538;5540;5542;5543;5544;5551;5552;5553,107;109;145;168;170;172;174;175,8
DAP-2,1666,26083102,148,5560;5562;5564;5565;5566;5573;5574;5575,115;117;145;168;174;175;178;180,8
DAP-2,1666,26083102,149,5582;5584;5586;5587;5588;5595;5596;5597,83;109;144;145;148;151;170;174,8
DAP-2,1666,26083102,150,5604;5606;5608;5609;5610;5617;5618;5619,17;47;168;170;171;172;173;174,8
DAP-2,1666,26083102,151,5626;5628;5630;5631;5632;5639;5640;5641,17;23;144;163;164;174;178;181,8
DAP-2,1666,26083102,152,5776;5778;5780;5781;5782;5789;5790;5791,25;31;152;155;156;162;165;166,8
DAP-2,1666,26083102,153,5798;5800;5802;5803;5804;5811;5812;5813,25;39;160;166;186;187;188;189,8
DAP-2,1666,26083102,154,5820;5822;5824;5825;5826;5833;5834;5835,107;125;152;153;159;166;172;186,8
DAP-2,1666,26083102,155,5842;5844;5846;5847;5848;5855;5856;5857,99;101;153;160;162;164;166;167,8
DAP-2,1666,26083102,156,5864;5866;5868;5869;5870;5877;5878;5879,123;125;153;160;166;167;186;188,8
DAP-2,1666,26083102,157,5886;5888;5890;5891;5892;5899;5900;5901,91;101;152;153;156;159;162;166,8
DAP-2,1666,26083102,158,5908;5910;5912;5913;5914;5921;5922;5923,25;39;160;162;163;164;165;166,8
DAP-2,1666,26083102,159,5930;5932;5934;5935;5936;5943;5944;5945,25;31;152;166;171;172;186;189,8
DAP-2,1666,26083102,160,6080;6082;6084;6085;6086;6093;6094;6095,33;39;160;163;164;178;181;182,8
DAP-2,1666,26083102,161,6102;6104;6106;6107;6108;6115;6116;6117,33;55;130;131;132;133;176;182,8
DAP-2,1666,26083102,162,6124;6126;6128;6129;6130;6137;6138;6139,69;123;130;160;161;167;182;188,8
DAP-2,1666,26083102,163,6146;6148;6150;6151;6152;6159;6160;6161,115;117;161;176;178;180;182;183,8
DAP-2,1666,26083102,164,6168;6170;6172;6173;6174;6181;6182;6183,67;69;130;132;161;176;182;183,8
DAP-2,1666,26083102,165,6190;6192;6194;6195;6196;6203;6204;6205,99;117;160;161;164;167;178;182,8
DAP-2,1666,26083102,166,6212;6214;6216;6217;6218;6225;6226;6227,33;55;176;178;179;180;181;182,8
DAP-2,1666,26083102,167,6234;6236;6238;6239;6240;6247;6248;6249,33;39;130;133;160;182;187;188,8
DAP-2,1666,26083102,168,6384;6386;6388;6389;6390;6397;6398;6399,41;47;168;171;172;186;189;190,8
DAP-2,1666,26083102,169,6406;6408;6410;6411;6412;6419;6420;6421,41;63;138;139;140;141;184;190,8
DAP-2,1666,26083102,170,6428;6430;6432;6433;6434;6441;6442;6443,77;115;138;168;169;175;180;190,8
DAP-2,1666,26083102,171,6450;6452;6454;6455;6456;6463;6464;6465,123;125;169;184;186;188;190;191,8
DAP-2,1666,26083102,172,6472;6474;6476;6477;6478;6485;6486;6487,75;77;138;140;169;184;190;191,8
DAP-2,1666,26083102,173,6494;6496;6498;6499;6500;6507;6508;6509,107;125;168;169;172;175;186;190,8
DAP-2,1666,26083102,174,6516;6518;6520;6521;6522;6529;6530;6531,41;63;184;186;187;188;189;190,8
DAP-2,1666,26083102,175,6538;6540;6542;6543;6544;6551;6552;6553,41;47;138;141;168;179;180;190,8
DAP-2,1666,26083102,176,6688;6690;6692;6693;6694;6701;6702;6703,49;55;138;141;142;176;179;180,8
DAP-2,1666,26083102,177,6710;6712;6714;6715;6716;6723;6724;6725,15;49;136;142;146;147;148;149,8
DAP-2,1666,26083102,178,6732;6734;6736;6737;6738;6745;6746;6747,67;85;132;142;146;176;177;183,8
DAP-2,1666,26083102,179,6754;6756;6758;6759;6760;6767;6768;6769,75;77;136;138;140;142;143;177,8
DAP-2,1666,26083102,180,6776;6778;6780;6781;6782;6789;6790;6791,83;85;136;142;143;146;148;177,8
DAP-2,1666,26083102,181,6798;6800;6802;6803;6804;6811;6812;6813,77;115;138;142;176;177;180;183,8
DAP-2,1666,26083102,182,6820;6822;6824;6825;6826;6833;6834;6835,15;49;136;138;139;140;141;142,8
DAP-2,1666,26083102,183,6842;6844;6846;6847;6848;6855;6856;6857,49;55;131;132;142;146;149;176,8
DAP-2,1666,26083102,184,6992;6994;6996;6997;6998;7005;7006;7007,57;63;130;133;134;184;187;188,8
DAP-2,1666,26083102,185,7014;7016;7018;7019;7020;7027;7028;7029,7;57;128;134;154;155;156;157,8
DAP-2,1666,26083102,186,7036;7038;7040;7041;7042;7049;7050;7051,75;93;134;140;154;184;185;191,8
DAP-2,1666,26083102,187,7058;7060;7062;7063;7064;7071;7072;7073,67;69;128;130;132;134;135;185,8
DAP-2,1666,26083102,188,7080;7082;7084;7085;7086;7093;7094;7095,91;93;128;134;135;154;156;185,8
DAP-2,1666,26083102,189,7102;7104;7106;7107;7108;7115;7116;7117,69;123;130;134;184;185;188;191,8
DAP-2,1666,26083102,190,7124;7126;7128;7129;7130;7137;7138;7139,7;57;128;130;131;132;133;134,8
DAP-2,1666,26083102,191,7146;7148;7150;7151;7152;7159;7160;7161,57;63;134;139;140;154;157;184,8
DAP-2,1666,26083103,0,0;2;4;5;6;13;14;15,0;3;4;18;21;22;65;71,8
DAP-2,1666,26083103,1,22;24;26;27;28;35;36;37,16;22;34;35;36;37;65;87,8
DAP-2,1666,26083103,2,44;46;48;49;50;57;58;59,0;1;7;22;28;34;155;165,8
DAP-2,1666,26083103,3,66;68;70;71;72;79;80;81,1;16;18;20;22;23;147;149,8
DAP-2,1666,26083103,4,88;90;92;93;94;101;102;103,1;16;22;23;34;36;163;165,8
DAP-2,1666,26083103,5,110;112;114;115;116;123;124;125,0;1;4;7;18;22;131;149,8
DAP-2,1666,26083103,6,132;134;136;137;138;145;146;147,16;18;19;20;21;22;65;87,8
DAP-2,1666,26083103,7,154;156;158;159;160;167;168;169,0;22;27;28;34;37;65;71,8
DAP-2,1666,26083103,8,304;306;308;309;310;317;318;319,8;11;12;26;29;30;73;79,8
DAP-2,1666,26083103,9,326;328;330;331;332;339;340;341,24;30;42;43;44;45;73;95,8
DAP-2,1666,26083103,10,348;350;352;353;354;361;362;363,8;9;15;20;30;42;147;173,8
DAP-2,1666,26083103,11,370;372;374;375;376;383;384;385,9;24;26;28;30;31;155;157,8
DAP-2,1666,26083103,12,392;394;396;397;398;405;406;407,9;24;30;31;42;44;171;173,8
DAP-2,1666,26083103,13,414;416;418;419;420;427;428;429,8;9;12;15;26;30;139;157,8
DAP-2,1666,26083103,14,436;438;440;441;442;449;450;451,24;26;27;28;29;30;73;95,8
DAP-2,1666,26083103,15,458;460;462;463;464;471;472;473,8;19;20;30;42;45;73;79,8
DAP-2,1666,26083103,16,608;610;612;613;614;621;622;623,16;19;20;42;45;46;81;87,8
DAP-2,1666,26083103,17,630;632;634;635;636;643;644;645,40;46;50;51;52;53;81;111,8
DAP-2,1666,26083103,18,652;654;656;657;658;665;666;667,16;17;23;36;46;50;163;181,8
DAP-2,1666,26083103,19,674;676;678;679;680;687;688;689,17;40;42;44;46;47;171;173,8
DAP-2,1666,26083103,20,696;698;700;701;702;709;710;711,17;40;46;47;50;52;179;181,8
DAP-2,1666,26083103,21,718;720;722;723;724;731;732;733,16;17;20;23;42;46;147;173,8
DAP-2,1666,26083103,22,740;742;744;745;746;753;754;755,40;42;43;44;45;46;81;111,8
DAP-2,1666,26083103,23,762;764;766;767;768;775;776;777,16;35;36;46;50;53;81;87,8
DAP-2,1666,26083103,24,912;914;916;917;918;925;926;927,24;27;28;34;37;38;89;95,8
DAP-2,1666,26083103,25,934;936;938;939;940;947;948;949,32;38;58;59;60;61;89;103,8
DAP-2,1666,26083103,26,956;958;960;961;962;969;970;971,24;25;31;38;44;58;171;189,8
DAP-2,1666,26083103,27,978;980;982;983;984;991;992;993,25;32;34;36;38;39;163;165,8
DAP-2,1666,26083103,28,1000;1002;1004;1005;1006;1013;1014;1015,25;32;38;39;58;60;187;189,8
DAP-2,1666,26083103,29,1022;1024;1026;1027;1028;1035;1036;1037,24;25;28;31;34;38;155;165,8
DAP-2,1666,26083103,30,1044;1046;1048;1049;1050;1057;1058;1059,32;34;35;36;37;38;89;103,8
DAP-2,1666,26083103,31,1066;1068;1070;1071;1072;1079;1080;1081,24;38;43;44;58;61;89;95,8
DAP-2,1666,26083103,32,1216;1218;1220;1221;1222;1229;1230;1231,32;35;36;50;53;54;97;103,8
DAP-2,1666,26083103,33,1238;1240;1242;1243;1244;1251;1252;1253,2;3;4;5;48;54;97;119,8
DAP-2,1666,26083103,34,1260;1262;1264;1265;1266;1273;1274;1275,2;32;33;39;54;60;133;187,8
DAP-2,1666,26083103,35,1282;1284;1286;1287;1288;1295;1296;1297,33;48;50;52;54;55;179;181,8
DAP-2,1666,26083103,36,1304;1306;1308;1309;1310;1317;1318;1319,2;4;33;48;54;55;131;133,8
DAP-2,1666,26083103,37,1326;1328;1330;1331;1332;1339;1340;1341,32;33;36;39;50;54;163;181,8
DAP-2,1666,26083103,38,1348;1350;1352;1353;1354;1361;1362;1363,48;50;51;52;53;54;97;119,8
DAP-2,1666,26083103,39,1370;1372;1374;1375;1376;1383;1384;1385,2;5;32;54;59;60;97;103,8
DAP-2,1666,26083103,40,1520;1522;1524;1525;1526;1533;1534;1535,40;43;44;58;61;62;105;111,8
DAP-2,1666,26083103,41,1542;1544;1546;1547;1548;1555;1556;1557,10;11;12;13;56;62;105;127,8
DAP-2,1666,26083103,42,1564;1566;1568;1569;1570;1577;1578;1579,10;40;41;47;52;62;141;179,8
DAP-2,1666,26083103,43,1586;1588;1590;1591;1592;1599;1600;1601,41;56;58;60;62;63;187;189,8
DAP-2,1666,26083103,44,1608;1610;1612;1613;1614;1621;1622;1623,10;12;41;56;62;63;139;141,8
DAP-2,1666,26083103,45,1630;1632;1634;1635;1636;1643;1644;1645,40;41;44;47;58;62;171;189,8
DAP-2,1666,26083103,46,1652;1654;1656;1657;1658;1665;1666;1667,56;58;59;60;61;62;105;127,8
DAP-2,1666,26083103,47,1674;1676;1678;1679;1680;1687;1688;1689,10;13;40;51;52;62;105;111,8
DAP-2,1666,26083103,48,1824;1826;1828;1829;1830;1837;1838;1839,10;13;14;48;51;52;113;119,8
DAP-2,1666,26083103,49,1846;1848;1850;1851;1852;1859;1860;1861,8;14;18;19;20;21;79;113,8
DAP-2,1666,26083103,50,1868;1870;1872;1873;1874;1881;1882;1883,4;14;18;48;49;55;131;149,8
DAP-2,1666,26083103,51,1890;1892;1894;1895;1896;1903;1904;1905,8;10;12;14;15;49;139;141,8
DAP-2,1666,26083103,52,1912;1914;1916;1917;1918;1925;1926;1927,8;14;15;18;20;49;147;149,8
DAP-2,1666,26083103,53,1934;1936;1938;1939;1940;1947;1948;1949,10;14;48;49;52;55;141;179,8
DAP-2,1666,26083103,54,1956;1958;1960;1961;1962;1969;1970;1971,8;10;11;12;13;14;79;113,8
DAP-2,1666,26083103,55,1978;1980;1982;1983;1984;1991;1992;1993,3;4;14;18;21;48;113;119,8
DAP-2,1666,26083103,56,2128;2130;2132;2133;2134;2141;2142;2143,2;5;6;56;59;60;121;127,8
DAP-2,1666,26083103,57,2150;2152;2154;2155;2156;2163;2164;2165,0;6;26;27;28;29;71;121,8
DAP-2,1666,26083103,58,2172;2174;2176;2177;2178;2185;2186;2187,6;12;26;56;57;63;139;157,8
DAP-2,1666,26083103,59,2194;2196;2198;2199;2200;2207;2208;2209,0;2;4;6;7;57;131;133,8
DAP-2,1666,26083103,60,2216;2218;2220;2221;2222;2229;2230;2231,0;6;7;26;28;57;155;157,8
DAP-2,1666,26083103,61,2238;2240;2242;2243;2244;2251;2252;2253,2;6;56;57;60;63;133;187,8
DAP-2,1666,26083103,62,2260;2262;2264;2265;2266;2273;2274;2275,0;2;3;4;5;6;71;121,8
DAP-2,1666,26083103,63,2282;2284;2286;2287;2288;2295;2296;2297,6;11;12;26;29;56;121;127,8
DAP-2,1666,26083103,64,2432;2434;2436;2437;2438;2445;2446;2447,64;67;68;82;85;86;129;135,8
DAP-2,1666,26083103,65,2454;2456;2458;2459;2460;2467;2468;2469,80;86;98;99;100;101;129;151,8
DAP-2,1666,26083103,66,2476;2478;2480;2481;2482;2489;2490;2491,27;37;64;65;71;86;92;98,8
DAP-2,1666,26083103,67,2498;2500;2502;2503;2504;2511;2512;2513,19;21;65;80;82;84;86;87,8
DAP-2,1666,26083103,68,2520;2522;2524;2525;2526;2533;2534;2535,35;37;65;80;86;87;98;100,8
DAP-2,1666,26083103,69,2542;2544;2546;2547;2548;2555;2556;2557,3;21;64;65;68;71;82;86,8
DAP-2,1666,26083103,70,2564;2566;2568;2569;2570;2577;2578;2579,80;82;83;84;85;86;129;151,8
DAP-2,1666,26083103,71,2586;2588;2590;2591;2592;2599;2600;2601,64;86;91;92;98;101;129;135,8
DAP-2,1666,26083103,72,2736;2738;2740;2741;2742;2749;2750;2751,72;75;76;90;93;94;137;143,8
DAP-2,1666,26083103,73,2758;2760;2762;2763;2764;2771;2772;2773,88;94;106;107;108;109;137;159,8
DAP-2,1666,26083103,74,2780;2782;2784;2785;2786;2793;2794;2795,19;45;72;73;79;84;94;106,8
DAP-2,1666,26083103,75,2802;2804;2806;2807;2808;2815;2816;2817,27;29;73;88;90;92;94;95,8
DAP-2,1666,26083103,76,2824;2826;2828;2829;2830;2837;2838;2839,43;45;73;88;94;95;106;108,8
DAP-2,1666,26083103,77,2846;2848;2850;2851;2852;2859;2860;2861,11;29;72;73;76;79;90;94,8
DAP-2,1666,26083103,78,2868;2870;2872;2873;2874;2881;2882;2883,88;90;91;92;93;94;137;159,8
DAP-2,1666,26083103,79,2890;2892;2894;2895;2896;2903;2904;2905,72;83;84;94;106;109;137;143,8
DAP-2,1666,26083103,80,3040;3042;3044;3045;3046;3053;3054;3055,80;83;84;106;109;110;145;151,8
DAP-2,1666,26083103,81,3062;3064;3066;3067;3068;3075;3076;3077,104;110;114;115;116;117;145;175,8
DAP-2,1666,26083103,82,3084;3086;3088;3089;3090;3097;3098;3099,35;53;80;81;87;100;110;114,8
DAP-2,1666,26083103,83,3106;3108;3110;3111;3112;3119;3120;3121,43;45;81;104;106;108;110;111,8
DAP-2,1666,26083103,84,3128;3130;3132;3133;3134;3141;3142;3143,51;53;81;104;110;111;114;116,8
DAP-2,1666,26083103,85,3150;3152;3154;3155;3156;3163;3164;3165,19;45;80;81;84;87;106;110,8
DAP-2,1666,26083103,86,3172;3174;3176;3177;3178;3185;3186;3187,104;106;107;108;109;110;145;175,8
DAP-2,1666,26083103,87,3194;3196;3198;3199;3200;3207;3208;3209,80;99;100;110;114;117;145;151,8
DAP-2,1666,26083103,88,3344;3346;3348;3349;3350;3357;3358;3359,88;91;92;98;101;102;153;159,8
DAP-2,1666,26083103,89,3366;3368;3370;3371;3372;3379;3380;3381,96;102;122;123;124;125;153;167,8
DAP-2,1666,26083103,90,3388;3390;3392;3393;3394;3401;3402;3403,43;61;88;89;95;102;108;122,8
DAP-2,1666,26083103,91,3410;3412;3414;3415;3416;3423;3424;3425,35;37;89;96;98;100;102;103,8
DAP-2,1666,26083103,92,3432;3434;3436;3437;3438;3445;3446;3447,59;61;89;96;102;103;122;124,8
DAP-2,1666,26083103,93,3454;3456;3458;3459;3460;3467;3468;3469,27;37;88;89;92;95;98;102,8
DAP-2,1666,26083103,94,3476;3478;3480;3481;3482;3489;3490;3491,96;98;99;100;101;102;153;167,8
DAP-2,1666,26083103,95,3498;3500;3502;3503;3504;3511;3512;3513,88;102;107;108;122;125;153;159,8
DAP-2,1666,26083103,96,3648;3650;3652;3653;3654;3661;3662;3663,96;99;100;114;117;118;161;167,8
DAP-2,1666,26083103,97,3670;3672;3674;3675;3676;3683;3684;3685,66;67;68;69;112;118;161;183,8
DAP-2,1666,26083103,98,3692;3694;3696;3697;3698;3705;3706;3707,5;59;66;96;97;103;118;124,8
DAP-2,1666,26083103,99,3714;3716;3718;3719;3720;3727;3728;3729,51;53;97;112;114;116;118;119,8
DAP-2,1666,26083103,100,3736;3738;3740;3741;3742;3749;3750;3751,3;5;66;68;97;112;118;119,8
DAP-2,1666,26083103,101,3758;3760;3762;3763;3764;3771;3772;3773,35;53;96;97;100;103;114;118,8
DAP-2,1666,26083103,102,3780;3782;3784;3785;3786;3793;3794;3795,112;114;115;116;117;118;161;183,8
DAP-2,1666,26083103,103,3802;3804;3806;3807;3808;3815;3816;3817,66;69;96;118;123;124;161;167,8
DAP-2,1666,26083103,104,3952;3954;3956;3957;3958;3965;3966;3967,104;107;108;122;125;126;169;175,8
DAP-2,1666,26083103,105,3974;3976;3978;3979;3980;3987;3988;3989,74;75;76;77;120;126;169;191,8
DAP-2,1666,26083103,106,3996;3998;4000;4001;4002;4009;4010;4011,13;51;74;104;105;111;116;126,8
DAP-2,1666,26083103,107,4018;4020;4022;4023;4024;4031;4032;4033,59;61;105;120;122;124;126;127,8
DAP-2,1666,26083103,108,4040;4042;4044;4045;4046;4053;4054;4055,11;13;74;76;105;120;126;127,8
DAP-2,1666,26083103,109,4062;4064;4066;4067;4068;4075;4076;4077,43;61;104;105;108;111;122;126,8
DAP-2,1666,26083103,110,4084;4086;4088;4089;4090;4097;4098;4099,120;122;123;124;125;126;169;191,8
DAP-2,1666,26083103,111,4106;4108;4110;4111;4112;4119;4120;4121,74;77;104;115;116;126;169;175,8
DAP-2,1666,26083103,112,4256;4258;4260;4261;4262;4269;4270;4271,74;77;78;112;115;116;177;183,8
DAP-2,1666,26083103,113,4278;4280;4282;4283;4284;4291;4292;4293,72;78;82;83;84;85;143;177,8
DAP-2,1666,26083103,114,4300;4302;4304;4305;4306;4313;4314;4315,3;21;68;78;82;112;113;119,8
DAP-2,1666,26083103,115,4322;4324;4326;4327;4328;4335;4336;4337,11;13;72;74;76;78;79;113,8
DAP-2,1666,26083103,116,4344;4346;4348;4349;4350;4357;4358;4359,19;21;72;78;79;82;84;113,8
DAP-2,1666,26083103,117,4366;4368;4370;4371;4372;4379;4380;4381,13;51;74;78;112;113;116;119,8
DAP-2,1666,26083103,118,4388;4390;4392;4393;4394;4401;4402;4403,72;74;75;76;77;78;143;177,8
DAP-2,1666,26083103,119,4410;4412;4414;4415;4416;4423;4424;4425,67;68;78;82;85;112;177;183,8
DAP-2,1666,26083103,120,4560;4562;4564;4565;4566;4573;4574;4575,66;69;70;120;123;124;185;191,8
DAP-2,1666,26083103,121,4582;4584;4586;4587;4588;4595;4596;4597,64;70;90;91;92;93;135;185,8
DAP-2,1666,26083103,122,4604;4606;4608;4609;4610;4617;4618;4619,11;29;70;76;90;120;121;127,8
DAP-2,1666,26083103,123,4626;4628;4630;4631;4632;4639;4640;4641,3;5;64;66;68;70;71;121,8
DAP-2,1666,26083103,124,4648;4650;4652;4653;4654;4661;4662;4663,27;29;64;70;71;90;92;121,8
DAP-2,1666,26083103,125,4670;4672;4674;4675;4676;4683;4684;4685,5;59;66;70;120;121;124;127,8
DAP-2,1666,26083103,126,4692;4694;4696;4697;4698;4705;4706;4707,64;66;67;68;69;70;135;185,8
DAP-2,1666,26083103,127,4714;4716;4718;4719;4720;4727;4728;4729,70;75;76;90;93;120;185;191,8
DAP-2,1666,26083103,128,4864;4866;4868;4869;4870;4877;4878;4879,1;7;128;131;132;146;149;150,8
DAP-2,1666,26083103,129,4886;4888;4890;4891;4892;4899;4900;4901,1;23;144;150;162;163;164;165,8
DAP-2,1666,26083103,130,4908;4910;4912;4913;4914;4921;4922;4923,91;101;128;129;135;150;156;162,8
DAP-2,1666,26083103,131,4930;4932;4934;4935;4936;4943;4944;4945,83;85;129;144;146;148;150;151,8
DAP-2,1666,26083103,132,4952;4954;4956;4957;4958;4965;4966;4967,99;101;129;144;150;151;162;164,8
DAP-2,1666,26083103,133,4974;4976;4978;4979;4980;4987;4988;4989,67;85;128;129;132;135;146;150,8
DAP-2,1666,26083103,134,4996;4998;5000;5001;5002;5009;5010;5011,1;23;144;146;147;148;149;150,8
DAP-2,1666,26083103,135,5018;5020;5022;5023;5024;5031;5032;5033,1;7;128;150;155;156;162;165,8
DAP-2,1666,26083103,136,5168;5170;5172;5173;5174;5181;5182;5183,9;15;136;139;140;154;157;158,8
DAP-2,1666,26083103,137,5190;5192;5194;5195;5196;5203;5204;5205,9;31;152;158;170;171;172;173,8
DAP-2,1666,26083103,138,5212;5214;5216;5217;5218;5225;5226;5227,83;109;136;137;143;148;158;170,8
DAP-2,1666,26083103,139,5234;5236;5238;5239;5240;5247;5248;5249,91;93;137;152;154;156;158;159,8
DAP-2,1666,26083103,140,5256;5258;5260;5261;5262;5269;5270;5271,107;109;137;152;158;159;170;172,8
DAP-2,1666,26083103,141,5278;5280;5282;5283;5284;5291;5292;5293,75;93;136;137;140;143;154;158,8
DAP-2,1666,26083103,142,5300;5302;5304;5305;5306;5313;5314;5315,9;31;152;154;155;156;157;158,8
DAP-2,1666,26083103,143,5322;5324;5326;5327;5328;5335;5336;5337,9;15;136;147;148;158;170;173,8
DAP-2,1666,26083103,144,5472;5474;5476;5477;5478;5485;5486;5487,17;23;144;147;148;170;173;174,8
DAP-2,1666,26083103,145,5494;5496;5498;5499;5500;5507;5508;5509,17;47;168;174;178;179;180;181,8
DAP-2,1666,26083103,146,5516;5518;5520;5521;5522;5529;5530;5531,99;117;144;145;151;164;174;178,8
DAP-2,1666,26083103,147,5538;5540;5542;5543;5544;5551;5552;5553,107;109;145;168;170;172;174;175,8
DAP-2,1666,26083103,148,5560;5562;5564;5565;5566;5573;5574;5575,115;117;145;168;174;175;178;180,8
DAP-2,1666,26083103,149,5582;5584;5586;5587;5588;5595;5596;5597,83;109;144;145;148;151;170;174,8
DAP-2,1666,26083103,150,5604;5606;5608;5609;5610;5617;5618;5619,17;47;168;170;171;172;173;174,8
DAP-2,1666,26083103,151,5626;5628;5630;5631;5632;5639;5640;5641,17;23;144;163;164;174;178;181,8
DAP-2,1666,26083103,152,5776;5778;5780;5781;5782;5789;5790;5791,25;31;152;155;156;162;165;166,8
DAP-2,1666,26083103,153,5798;5800;5802;5803;5804;5811;5812;5813,25;39;160;166;186;187;188;189,8
DAP-2,1666,26083103,154,5820;5822;5824;5825;5826;5833;5834;5835,107;125;152;153;159;166;172;186,8
DAP-2,1666,26083103,155,5842;5844;5846;5847;5848;5855;5856;5857,99;101;153;160;162;164;166;167,8
DAP-2,1666,26083103,156,5864;5866;5868;5869;5870;5877;5878;5879,123;125;153;160;166;167;186;188,8
DAP-2,1666,26083103,157,5886;5888;5890;5891;5892;5899;5900;5901,91;101;152;153;156;159;162;166,8
DAP-2,1666,26083103,158,5908;5910;5912;5913;5914;5921;5922;5923,25;39;160;162;163;164;165;166,8
DAP-2,1666,26083103,159,5930;5932;5934;5935;5936;5943;5944;5945,25;31;152;166;171;172;186;189,8
DAP-2,1666,26083103,160,6080;6082;6084;6085;6086;6093;6094;6095,33;39;160;163;164;178;181;182,8
DAP-2,1666,26083103,161,6102;6104;6106;6107;6108;6115;6116;6117,33;55;130;131;132;133;176;182,8
DAP-2,1666,26083103,162,6124;6126;6128;6129;6130;6137;6138;6139,69;123;130;160;161;167;182;188,8
DAP-2,1666,26083103,163,6146;6148;6150;6151;6152;6159;6160;6161,115;117;161;176;178;180;182;183,8
DAP-2,1666,26083103,164,6168;6170;6172;6173;6174;6181;6182;6183,67;69;130;132;161;176;182;183,8
DAP-2,1666,26083103,165,6190;6192;6194;6195;6196;6203;6204;6205,99;117;160;161;164;167;178;182,8
DAP-2,1666,26083103,166,6212;6214;6216;6217;6218;6225;6226;6227,33;55;176;178;179;180;181;182,8
DAP-2,1666,26083103,167,6234;6236;6238;6239;6240;6247;6248;6249,33;39;130;133;160;182;187;188,8
DAP-2,1666,26083103,168,6384;6386;6388;6389;6390;6397;6398;6399,41;47;168;171;172;186;189;190,8
DAP-2,1666,26083103,169,6406;6408;6410;6411;6412;6419;6420;6421,41;63;138;139;140;141;184;190,8
DAP-2,1666,26083103,170,6428;6430;6432;6433;6434;6441;6442;6443,77;115;138;168;169;175;180;190,8
DAP-2,1666,26083103,171,6450;6452;6454;6455;6456;6463;6464;6465,123;125;169;184;186;188;190;191,8
DAP-2,1666,26083103,172,6472;6474;6476;6477;6478;6485;6486;6487,75;77;138;140;169;184;190;191,8
DAP-2,1666,26083103,173,6494;6496;6498;6499;6500;6507;6508;6509,107;125;168;169;172;175;186;190,8
DAP-2,1666,26083103,174,6516;6518;6520;6521;6522;6529;6530;6531,41;63;184;186;187;188;189;190,8
DAP-2,1666,26083103,175,6538;6540;6542;6543;6544;6551;6552;6553,41;47;138;141;168;179;180;190,8
DAP-2,1666,26083103,176,6688;6690;6692;6693;6694;6701;6702;6703,49;55;138;141;142;176;179;180,8
DAP-2,1666,26083103,177,6710;6712;6714;6715;6716;6723;6724;6725,15;49;136;142;146;147;148;149,8
DAP-2,1666,26083103,178,6732;6734;6736;6737;6738;6745;6746;6747,67;85;132;142;146;176;177;183,8
DAP-2,1666,26083103,179,6754;6756;6758;6759;6760;6767;6768;6769,75;77;136;138;140;142;143;177,8
DAP-2,1666,26083103,180,6776;6778;6780;6781;6782;6789;6790;6791,83;85;136;142;143;146;148;177,8
DAP-2,1666,26083103,181,6798;6800;6802;6803;6804;6811;6812;6813,77;115;138;142;176;177;180;183,8
DAP-2,1666,26083103,182,6820;6822;6824;6825;6826;6833;6834;6835,15;49;136;138;139;140;141;142,8
DAP-2,1666,26083103,183,6842;6844;6846;6847;6848;6855;6856;6857,49;55;131;132;142;146;149;176,8
DAP-2,1666,26083103,184,6992;6994;6996;6997;6998;7005;7006;7007,57;63;130;133;134;184;187;188,8
DAP-2,1666,26083103,185,7014;7016;7018;7019;7020;7027;7028;7029,7;57;128;134;154;155;156;157,8
DAP-2,1666,26083103,186,7036;7038;7040;7041;7042;7049;7050;7051,75;93;134;140;154;184;185;191,8
DAP-2,1666,26083103,187,7058;7060;7062;7063;7064;7071;7072;7073,67;69;128;130;132;134;135;185,8
DAP-2,1666,26083103,188,7080;7082;7084;7085;7086;7093;7094;7095,91;93;128;134;135;154;156;185,8
DAP-2,1666,26083103,189,7102;7104;7106;7107;7108;7115;7116;7117,69;123;130;134;184;185;188;191,8
DAP-2,1666,26083103,190,7124;7126;7128;7129;7130;7137;7138;7139,7;57;128;130;131;132;133;134,8
DAP-2,1666,26083103,191,7146;7148;7150;7151;7152;7159;7160;7161,57;63;134;139;140;154;157;184,8
PAP-2,1666,26083101,0,128;131;134;137;140;143,4;28;29;65;97;98;122;189,8
PAP-2,1666,26083101,1,146;149;152;155;158;161,0;3;4;27;160;164;165;189,8
PAP-2,1666,26083101,2,164;167;170;173;176;179,0;3;6;8;14;15;35;175,8
PAP-2,1666,26083101,3,182;185;188;191;194;197,97;98;102;103;105;111;130;134,8
PAP-2,1666,26083101,4,200;203;206;209;212;215,0;3;4;5;8;12;35;165,8
PAP-2,1666,26083101,5,218;221;224;227;230;233,4;5;29;36;97;98;105;130,8
PAP-2,1666,26083101,6,236;239;242;245;248;251,65;71;97;98;102;103;122;126,8
PAP-2,1666,26083101,7,254;257;260;263;266;269,0;3;6;27;160;166;167;175,8
PAP-2,1666,26083101,8,400;403;406;409;412;415,4;5;12;73;98;105;106;165,8
PAP-2,1666,26083101,9,418;421;424;427;430;433,3;8;11;12;165;168;172;173,8
PAP-2,1666,26083101,10,436;439;442;445;448;451,8;11;14;16;22;23;43;183,8
PAP-2,1666,26083101,11,454;457;460;463;466;469,105;106;110;111;113;119;138;142,8
PAP-2,1666,26083101,12,472;475;478;481;484;487,8;11;12;13;16;20;43;173,8
PAP-2,1666,26083101,13,490;493;496;499;502;505,5;12;13;44;105;106;113;138,8
PAP-2,1666,26083101,14,508;511;514;517;520;523,73;79;98;102;105;106;110;111,8
PAP-2,1666,26083101,15,526;529;532;535;538;541,3;8;11;14;168;174;175;183,8
PAP-2,1666,26083101,16,672;675;678;681;684;687,12;13;20;81;106;113;114;173,8
PAP-2,1666,26083101,17,690;693;696;699;702;705,11;16;19;20;173;176;180;181,8
PAP-2,1666,26083101,18,708;711;714;717;720;723,16;19;22;24;30;31;51;191,8
PAP-2,1666,26083101,19,726;729;732;735;738;741,113;114;118;119;121;127;146;150,8
PAP-2,1666,26083101,20,744;747;750;753;756;759,16;19;20;21;24;28;51;181,8
PAP-2,1666,26083101,21,762;765;768;771;774;777,13;20;21;52;113;114;121;146,8
PAP-2,1666,26083101,22,780;783;786;789;792;795,81;87;106;110;113;114;118;119,8
PAP-2,1666,26083101,23,798;801;804;807;810;813,11;16;19;22;176;182;183;191,8
PAP-2,1666,26083101,24,944;947;950;953;956;959,20;21;28;89;114;121;122;181,8
PAP-2,1666,26083101,25,962;965;968;971;974;977,19;24;27;28;181;184;188;189,8
PAP-2,1666,26083101,26,980;983;986;989;992;995,0;6;7;24;27;30;59;167,8
PAP-2,1666,26083101,27,998;1001;1004;1007;1010;1013,97;103;121;122;126;127;154;158,8
PAP-2,1666,26083101,28,1016;1019;1022;1025;1028;1031,0;4;24;27;28;29;59;189,8
PAP-2,1666,26083101,29,1034;1037;1040;1043;1046;1049,21;28;29;60;97;121;122;154,8
PAP-2,1666,26083101,30,1052;1055;1058;1061;1064;1067,89;95;114;118;121;122;126;127,8
PAP-2,1666,26083101,31,1070;1073;1076;1079;1082;1085,19;24;27;30;167;184;190;191,8
PAP-2,1666,26083101,32,1216;1219;1222;1225;1228;1231,29;36;60;61;97;129;130;154,8
PAP-2,1666,26083101,33,1234;1237;1240;1243;1246;1249,0;4;5;29;32;35;36;59,8
PAP-2,1666,26083101,34,1252;1255;1258;1261;1264;1267,15;32;35;38;40;46;47;67,8
PAP-2,1666,26083101,35,1270;1273;1276;1279;1282;1285,129;130;134;135;137;143;162;166,8
PAP-2,1666,26083101,36,1288;1291;1294;1297;1300;1303,5;32;35;36;37;40;44;67,8
PAP-2,1666,26083101,37,1306;1309;1312;1315;1318;1321,36;37;61;68;129;130;137;162,8
PAP-2,1666,26083101,38,1324;1327;1330;1333;1336;1339,97;103;129;130;134;135;154;158,8
PAP-2,1666,26083101,39,1342;1345;1348;1351;1354;1357,0;6;7;15;32;35;38;59,8
PAP-2,1666,26083101,40,1488;1491;1494;1497;1500;1503,5;36;37;44;105;130;137;138,8
PAP-2,1666,26083101,41,1506;1509;1512;1515;1518;1521,5;8;12;13;35;40;43;44,8
PAP-2,1666,26083101,42,1524;1527;1530;1533;1536;1539,23;40;43;46;48;54;55;75,8
PAP-2,1666,26083101,43,1542;1545;1548;1551;1554;1557,137;138;142;143;145;151;170;174,8
PAP-2,1666,26083101,44,1560;1563;1566;1569;1572;1575,13;40;43;44;45;48;52;75,8
PAP-2,1666,26083101,45,1578;1581;1584;1587;1590;1593,37;44;45;76;137;138;145;170,8
PAP-2,1666,26083101,46,1596;1599;1602;1605;1608;1611,105;111;130;134;137;138;142;143,8
PAP-2,1666,26083101,47,1614;1617;1620;1623;1626;1629,8;14;15;23;35;40;43;46,8
PAP-2,1666,26083101,48,1760;1763;1766;1769;1772;1775,13;44;45;52;113;138;145;146,8
PAP-2,1666,26083101,49,1778;1781;1784;1787;1790;1793,13;16;20;21;43;48;51;52,8
PAP-2,1666,26083101,50,1796;1799;1802;1805;1808;1811,31;48;51;54;56;62;63;83,8
PAP-2,1666,26083101,51,1814;1817;1820;1823;1826;1829,145;146;150;151;153;159;178;182,8
PAP-2,1666,26083101,52,1832;1835;1838;1841;1844;1847,21;48;51;52;53;56;60;83,8
PAP-2,1666,26083101,53,1850;1853;1856;1859;1862;1865,45;52;53;84;145;146;153;178,8
PAP-2,1666,26083101,54,1868;1871;1874;1877;1880;1883,113;119;138;142;145;146;150;151,8
PAP-2,1666,26083101,55,1886;1889;1892;1895;1898;1901,16;22;23;31;43;48;51;54,8
PAP-2,1666,26083101,56,2032;2035;2038;2041;2044;2047,21;52;53;60;121;146;153;154,8
PAP-2,1666,26083101,57,2050;2053;2056;2059;2062;2065,21;24;28;29;51;56;59;60,8
PAP-2,1666,26083101,58,2068;2071;2074;2077;2080;2083,7;32;38;39;56;59;62;91,8
PAP-2,1666,26083101,59,2086;2089;2092;2095;2098;2101,129;135;153;154;158;159;186;190,8
PAP-2,1666,26083101,60,2104;2107;2110;2113;2116;2119,29;32;36;56;59;60;61;91,8
PAP-2,1666,26083101,61,2122;2125;2128;2131;2134;2137,53;60;61;92;129;153;154;186,8
PAP-2,1666,26083101,62,2140;2143;2146;2149;2152;2155,121;127;146;150;153;154;158;159,8
PAP-2,1666,26083101,63,2158;2161;2164;2167;2170;2173,7;24;30;31;51;56;59;62,8
PAP-2,1666,26083101,64,2304;2307;2310;2313;2316;2319,61;68;92;93;129;161;162;186,8
PAP-2,1666,26083101,65,2322;2325;2328;2331;2334;2337,32;36;37;61;64;67;68;91,8
PAP-2,1666,26083101,66,2340;2343;2346;2349;2352;2355,47;64;67;70;72;78;79;99,8
PAP-2,1666,26083101,67,2358;2361;2364;2367;2370;2373,2;6;161;162;166;167;169;175,8
PAP-2,1666,26083101,68,2376;2379;2382;2385;2388;2391,37;64;67;68;69;72;76;99,8
PAP-2,1666,26083101,69,2394;2397;2400;2403;2406;2409,2;68;69;93;100;161;162;169,8
PAP-2,1666,26083101,70,2412;2415;2418;2421;2424;2427,129;135;161;162;166;167;186;190,8
PAP-2,1666,26083101,71,2430;2433;2436;2439;2442;2445,32;38;39;47;64;67;70;91,8
PAP-2,1666,26083101,72,2576;2579;2582;2585;2588;2591,37;68;69;76;137;162;169;170,8
PAP-2,1666,26083101,73,2594;2597;2600;2603;2606;2609,37;40;44;45;67;72;75;76,8
PAP-2,1666,26083101,74,2612;2615;2618;2621;2624;2627,55;72;75;78;80;86;87;107,8
PAP-2,1666,26083101,75,2630;2633;2636;2639;2642;2645,10;14;169;170;174;175;177;183,8
PAP-2,1666,26083101,76,2648;2651;2654;2657;2660;2663,45;72;75;76;77;80;84;107,8
PAP-2,1666,26083101,77,2666;2669;2672;2675;2678;2681,10;69;76;77;108;169;170;177,8
PAP-2,1666,26083101,78,2684;2687;2690;2693;2696;2699,137;143;162;166;169;170;174;175,8
PAP-2,1666,26083101,79,2702;2705;2708;2711;2714;2717,40;46;47;55;67;72;75;78,8
PAP-2,1666,26083101,80,2848;2851;2854;2857;2860;2863,45;76;77;84;145;170;177;178,8
PAP-2,1666,26083101,81,2866;2869;2872;2875;2878;2881,45;48;52;53;75;80;83;84,8
PAP-2,1666,26083101,82,2884;2887;2890;2893;2896;2899,63;80;83;86;88;94;95;115,8
PAP-2,1666,26083101,83,2902;2905;2908;2911;2914;2917,18;22;177;178;182;183;185;191,8
PAP-2,1666,26083101,84,2920;2923;2926;2929;2932;2935,53;80;83;84;85;88;92;115,8
PAP-2,1666,26083101,85,2938;2941;2944;2947;2950;2953,18;77;84;85;116;177;178;185,8
PAP-2,1666,26083101,86,2956;2959;2962;2965;2968;2971,145;151;170;174;177;178;182;183,8
PAP-2,1666,26083101,87,2974;2977;2980;2983;2986;2989,48;54;55;63;75;80;83;86,8
PAP-2,1666,26083101,88,3120;3123;3126;3129;3132;3135,53;84;85;92;153;178;185;186,8
PAP-2,1666,26083101,89,3138;3141;3144;3147;3150;3153,53;56;60;61;83;88;91;92,8
PAP-2,1666,26083101,90,3156;3159;3162;3165;3168;3171,39;64;70;71;88;91;94;123,8
PAP-2,1666,26083101,91,3174;3177;3180;3183;3186;3189,26;30;161;167;185;186;190;191,8
PAP-2,1666,26083101,92,3192;3195;3198;3201;3204;3207,61;64;68;88;91;92;93;123,8
PAP-2,1666,26083101,93,3210;3213;3216;3219;3222;3225,26;85;92;93;124;161;185;186,8
PAP-2,1666,26083101,94,3228;3231;3234;3237;3240;3243,153;159;178;182;185;186;190;191,8
PAP-2,1666,26083101,95,3246;3249;3252;3255;3258;3261,39;56;62;63;83;88;91;94,8
PAP-2,1666,26083101,96,3392;3395;3398;3401;3404;3407,1;2;26;93;100;124;125;161,8
PAP-2,1666,26083101,97,3410;3413;3416;3419;3422;3425,64;68;69;93;96;99;100;123,8
PAP-2,1666,26083101,98,3428;3431;3434;3437;3440;3443,79;96;99;102;104;110;111;131,8
PAP-2,1666,26083101,99,3446;3449;3452;3455;3458;3461,1;2;6;7;9;15;34;38,8
PAP-2,1666,26083101,100,3464;3467;3470;3473;3476;3479,69;96;99;100;101;104;108;131,8
PAP-2,1666,26083101,101,3482;3485;3488;3491;3494;3497,1;2;9;34;100;101;125;132,8
PAP-2,1666,26083101,102,3500;3503;3506;3509;3512;3515,1;2;6;7;26;30;161;167,8
PAP-2,1666,26083101,103,3518;3521;3524;3527;3530;3533,64;70;71;79;96;99;102;123,8
PAP-2,1666,26083101,104,3664;3667;3670;3673;3676;3679,2;9;10;69;100;101;108;169,8
PAP-2,1666,26083101,105,3682;3685;3688;3691;3694;3697,69;72;76;77;99;104;107;108,8
PAP-2,1666,26083101,106,3700;3703;3706;3709;3712;3715,87;104;107;110;112;118;119;139,8
PAP-2,1666,26083101,107,3718;3721;3724;3727;3730;3733,9;10;14;15;17;23;42;46,8
PAP-2,1666,26083101,108,3736;3739;3742;3745;3748;3751,77;104;107;108;109;112;116;139,8
PAP-2,1666,26083101,109,3754;3757;3760;3763;3766;3769,9;10;17;42;101;108;109;140,8
PAP-2,1666,26083101,110,3772;3775;3778;3781;3784;3787,2;6;9;10;14;15;169;175,8
PAP-2,1666,26083101,111,3790;3793;3796;3799;3802;3805,72;78;79;87;99;104;107;110,8
PAP-2,1666,26083101,112,3936;3939;3942;3945;3948;3951,10;17;18;77;108;109;116;177,8
PAP-2,1666,26083101,113,3954;3957;3960;3963;3966;3969,77;80;84;85;107;112;115;116,8
PAP-2,1666,26083101,114,3972;3975;3978;3981;3984;3987,95;112;115;118;120;126;127;147,8
PAP-2,1666,26083101,115,3990;3993;3996;3999;4002;4005,17;18;22;23;25;31;50;54,8
PAP-2,1666,26083101,116,4008;4011;4014;4017;4020;4023,85;112;115;116;117;120;124;147,8
PAP-2,1666,26083101,117,4026;4029;4032;4035;4038;4041,17;18;25;50;109;116;117;148,8
PAP-2,1666,26083101,118,4044;4047;4050;4053;4056;4059,10;14;17;18;22;23;177;183,8
PAP-2,1666,26083101,119,4062;4065;4068;4071;4074;4077,80;86;87;95;107;112;115;118,8
PAP-2,1666,26083101,120,4208;4211;4214;4217;4220;4223,18;25;26;85;116;117;124;185,8
PAP-2,1666,26083101,121,4226;4229;4232;4235;4238;4241,85;88;92;93;115;120;123;124,8
PAP-2,1666,26083101,122,4244;4247;4250;4253;4256;4259,71;96;102;103;120;123;126;155,8
PAP-2,1666,26083101,123,4262;4265;4268;4271;4274;4277,1;7;25;26;30;31;58;62,8
PAP-2,1666,26083101,124,4280;4283;4286;4289;4292;4295,93;96;100;120;123;124;125;155,8
PAP-2,1666,26083101,125,4298;4301;4304;4307;4310;4313,1;25;26;58;117;124;125;156,8
PAP-2,1666,26083101,126,4316;4319;4322;4325;4328;4331,18;22;25;26;30;31;185;191,8
PAP-2,1666,26083101,127,4334;4337;4340;4343;4346;4349,71;88;94;95;115;120;123;126,8
PAP-2,1666,26083101,128,4480;4483;4486;4489;4492;4495,1;33;34;58;125;132;156;157,8
PAP-2,1666,26083101,129,4498;4501;4504;4507;4510;4513,96;100;101;125;128;131;132;155,8
PAP-2,1666,26083101,130,4516;4519;4522;4525;4528;4531,111;128;131;134;136;142;143;163,8
PAP-2,1666,26083101,131,4534;4537;4540;4543;4546;4549,33;34;38;39;41;47;66;70,8
PAP-2,1666,26083101,132,4552;4555;4558;4561;4564;4567,101;128;131;132;133;136;140;163,8
PAP-2,1666,26083101,133,4570;4573;4576;4579;4582;4585,33;34;41;66;132;133;157;164,8
PAP-2,1666,26083101,134,4588;4591;4594;4597;4600;4603,1;7;33;34;38;39;58;62,8
PAP-2,1666,26083101,135,4606;4609;4612;4615;4618;4621,96;102;103;111;128;131;134;155,8
PAP-2,1666,26083101,136,4752;4755;4758;4761;4764;4767,9;34;41;42;101;132;133;140,8
PAP-2,1666,26083101,137,4770;4773;4776;4779;4782;4785,101;104;108;109;131;136;139;140,8
PAP-2,1666,26083101,138,4788;4791;4794;4797;4800;4803,119;136;139;142;144;150;151;171,8
PAP-2,1666,26083101,139,4806;4809;4812;4815;4818;4821,41;42;46;47;49;55;74;78,8
PAP-2,1666,26083101,140,4824;4827;4830;4833;4836;4839,109;136;139;140;141;144;148;171,8
PAP-2,1666,26083101,141,4842;4845;4848;4851;4854;4857,41;42;49;74;133;140;141;172,8
PAP-2,1666,26083101,142,4860;4863;4866;4869;4872;4875,9;15;34;38;41;42;46;47,8
PAP-2,1666,26083101,143,4878;4881;4884;4887;4890;4893,104;110;111;119;131;136;139;142,8
PAP-2,1666,26083101,144,5024;5027;5030;5033;5036;5039,17;42;49;50;109;140;141;148,8
PAP-2,1666,26083101,145,5042;5045;5048;5051;5054;5057,109;112;116;117;139;144;147;148,8
PAP-2,1666,26083101,146,5060;5063;5066;5069;5072;5075,127;144;147;150;152;158;159;179,8
PAP-2,1666,26083101,147,5078;5081;5084;5087;5090;5093,49;50;54;55;57;63;82;86,8
PAP-2,1666,26083101,148,5096;5099;5102;5105;5108;5111,117;144;147;148;149;152;156;179,8
PAP-2,1666,26083101,149,5114;5117;5120;5123;5126;5129,49;50;57;82;141;148;149;180,8
PAP-2,1666,26083101,150,5132;5135;5138;5141;5144;5147,17;23;42;46;49;50;54;55,8
PAP-2,1666,26083101,151,5150;5153;5156;5159;5162;5165,112;118;119;127;139;144;147;150,8
PAP-2,1666,26083101,152,5296;5299;5302;5305;5308;5311,25;50;57;58;117;148;149;156,8
PAP-2,1666,26083101,153,5314;5317;5320;5323;5326;5329,117;120;124;125;147;152;155;156,8
PAP-2,1666,26083101,154,5332;5335;5338;5341;5344;5347,103;128;134;135;152;155;158;187,8
PAP-2,1666,26083101,155,5350;5353;5356;5359;5362;5365,33;39;57;58;62;63;90;94,8
PAP-2,1666,26083101,156,5368;5371;5374;5377;5380;5383,125;128;132;152;155;156;157;187,8
PAP-2,1666,26083101,157,5386;5389;5392;5395;5398;5401,33;57;58;90;149;156;157;188,8
PAP-2,1666,26083101,158,5404;5407;5410;5413;5416;5419,25;31;50;54;57;58;62;63,8
PAP-2,1666,26083101,159,5422;5425;5428;5431;5434;5437,103;120;126;127;147;152;155;158,8
PAP-2,1666,26083101,160,5568;5571;5574;5577;5580;5583,33;65;66;90;157;164;188;189,8
PAP-2,1666,26083101,161,5586;5589;5592;5595;5598;5601,128;132;133;157;160;163;164;187,8
PAP-2,1666,26083101,162,5604;5607;5610;5613;5616;5619,3;143;160;163;166;168;174;175,8
PAP-2,1666,26083101,163,5622;5625;5628;5631;5634;5637,65;66;70;71;73;79;98;102,8
PAP-2,1666,26083101,164,5640;5643;5646;5649;5652;5655,3;133;160;163;164;165;168;172,8
PAP-2,1666,26083101,165,5658;5661;5664;5667;5670;5673,4;65;66;73;98;164;165;189,8
PAP-2,1666,26083101,166,5676;5679;5682;5685;5688;5691,33;39;65;66;70;71;90;94,8
PAP-2,1666,26083101,167,5694;5697;5700;5703;5706;5709,128;134;135;143;160;163;166;187,8
PAP-2,1666,26083101,168,5840;5843;5846;5849;5852;5855,41;66;73;74;133;164;165;172,8
PAP-2,1666,26083101,169,5858;5861;5864;5867;5870;5873,133;136;140;141;163;168;171;172,8
PAP-2,1666,26083101,170,5876;5879;5882;5885;5888;5891,11;151;168;171;174;176;182;183,8
PAP-2,1666,26083101,171,5894;5897;5900;5903;5906;5909,73;74;78;79;81;87;106;110,8
PAP-2,1666,26083101,172,5912;5915;5918;5921;5924;5927,11;141;168;171;172;173;176;180,8
PAP-2,1666,26083101,173,5930;5933;5936;5939;5942;5945,12;73;74;81;106;165;172;173,8
PAP-2,1666,26083101,174,5948;5951;5954;5957;5960;5963,41;47;66;70;73;74;78;79,8
PAP-2,1666,26083101,175,5966;5969;5972;5975;5978;5981,136;142;143;151;163;168;171;174,8
PAP-2,1666,26083101,176,6112;6115;6118;6121;6124;6127,49;74;81;82;141;172;173;180,8
PAP-2,1666,26083101,177,6130;6133;6136;6139;6142;6145,141;144;148;149;171;176;179;180,8
PAP-2,1666,26083101,178,6148;6151;6154;6157;6160;6163,19;159;176;179;182;184;190;191,8
PAP-2,1666,26083101,179,6166;6169;6172;6175;6178;6181,81;82;86;87;89;95;114;118,8
PAP-2,1666,26083101,180,6184;6187;6190;6193;6196;6199,19;149;176;179;180;181;184;188,8
PAP-2,1666,26083101,181,6202;6205;6208;6211;6214;6217,20;81;82;89;114;173;180;181,8
PAP-2,1666,26083101,182,6220;6223;6226;6229;6232;6235,49;55;74;78;81;82;86;87,8
PAP-2,1666,26083101,183,6238;6241;6244;6247;6250;6253,144;150;151;159;171;176;179;182,8
PAP-2,1666,26083101,184,6384;6387;6390;6393;6396;6399,57;82;89;90;149;180;181;188,8
PAP-2,1666,26083101,185,6402;6405;6408;6411;6414;6417,149;152;156;157;179;184;187;188,8
PAP-2,1666,26083101,186,6420;6423;6426;6429;6432;6435,27;135;160;166;167;184;187;190,8
PAP-2,1666,26083101,187,6438;6441;6444;6447;6450;6453,65;71;89;90;94;95;122;126,8
PAP-2,1666,26083101,188,6456;6459;6462;6465;6468;6471,27;157;160;164;184;187;188;189,8
PAP-2,1666,26083101,189,6474;6477;6480;6483;6486;6489,28;65;89;90;122;181;188;189,8
PAP-2,1666,26083101,190,6492;6495;6498;6501;6504;6507,57;63;82;86;89;90;94;95,8
PAP-2,1666,26083101,191,6510;6513;6516;6519;6522;6525,135;152;158;159;179;184;187;190,8
PAP-2,1666,26083102,0,128;131;134;137;140;143,4;28;29;65;97;98;122;189,8
PAP-2,1666,26083102,1,146;149;152;155;158;161,0;3;4;27;160;164;165;189,8
PAP-2,1666,26083102,2,164;167;170;173;176;179,0;3;6;8;14;15;35;175,8
PAP-2,1666,26083102,3,182;185;188;191;194;197,97;98;102;103;105;111;130;134,8
PAP-2,1666,26083102,4,200;203;206;209;212;215,0;3;4;5;8;12;35;165,8
PAP-2,1666,26083102,5,218;221;224;227;230;233,4;5;29;36;97;98;105;130,8
PAP-2,1666,26083102,6,236;239;242;245;248;251,65;71;97;98;102;103;122;126,8
PAP-2,1666,26083102,7,254;257;260;263;266;269,0;3;6;27;160;166;167;175,8
PAP-2,1666,26083102,8,400;403;406;409;412;415,4;5;12;73;98;105;106;165,8
PAP-2,1666,26083102,9,418;421;424;427;430;433,3;8;11;12;165;168;172;173,8
PAP-2,1666,26083102,10,436;439;442;445;448;451,8;11;14;16;22;23;43;183,8
PAP-2,1666,26083102,11,454;457;460;463;466;469,105;106;110;111;113;119;138;142,8
PAP-2,1666,26083102,12,472;475;478;481;484;487,8;11;12;13;16;20;43;173,8
PAP-2,1666,26083102,13,490;493;496;499;502;505,5;12;13;44;105;106;113;138,8
PAP-2,1666,26083102,14,508;511;514;517;520;523,73;79;98;102;105;106;110;111,8
PAP-2,1666,26083102,15,526;529;532;535;538;541,3;8;11;14;168;174;175;183,8
PAP-2,1666,26083102,16,672;675;678;681;684;687,12;13;20;81;106;113;114;173,8
PAP-2,1666,26083102,17,690;693;696;699;702;705,11;16;19;20;173;176;180;181,8
PAP-2,1666,26083102,18,708;711;714;717;720;723,16;19;22;24;30;31;51;191,8
PAP-2,1666,26083102,19,726;729;732;735;738;741,113;114;118;119;121;127;146;150,8
PAP-2,1666,26083102,20,744;747;750;753;756;759,16;19;20;21;24;28;51;181,8
PAP-2,1666,26083102,21,762;765;768;771;774;777,13;20;21;52;113;114;121;146,8
PAP-2,1666,26083102,22,780;783;786;789;792;795,81;87;106;110;113;114;118;119,8
PAP-2,1666,26083102,23,798;801;804;807;810;813,11;16;19;22;176;182;183;191,8
PAP-2,1666,26083102,24,944;947;950;953;956;959,20;21;28;89;114;121;122;181,8
PAP-2,1666,26083102,25,962;965;968;971;974;977,19;24;27;28;181;184;188;189,8
PAP-2,1666,26083102,26,980;983;986;989;992;995,0;6;7;24;27;30;59;167,8
PAP-2,1666,26083102,27,998;1001;1004;1007;1010;1013,97;103;121;122;126;127;154;158,8
PAP-2,1666,26083102,28,1016;1019;1022;1025;1028;1031,0;4;24;27;28;29;59;189,8
PAP-2,1666,26083102,29,1034;1037;1040;1043;1046;1049,21;28;29;60;97;121;122;154,8
PAP-2,1666,26083102,30,1052;1055;1058;1061;1064;1067,89;95;114;118;121;122;126;127,8
PAP-2,1666,26083102,31,1070;1073;1076;1079;1082;1085,19;24;27;30;167;184;190;191,8
PAP-2,1666,26083102,32,1216;1219;1222;1225;1228;1231,29;36;60;61;97;129;130;154,8
PAP-2,1666,26083102,33,1234;1237;1240;1243;1246;1249,0;4;5;29;32;35;36;59,8
PAP-2,1666,26083102,34,1252;1255;1258;1261;1264;1267,15;32;35;38;40;46;47;67,8
PAP-2,1666,26083102,35,1270;1273;1276;1279;1282;1285,129;130;134;135;137;143;162;166,8
PAP-2,1666,26083102,36,1288;1291;1294;1297;1300;1303,5;32;35;36;37;40;44;67,8
PAP-2,1666,26083102,37,1306;1309;1312;1315;1318;1321,36;37;61;68;129;130;137;162,8
PAP-2,1666,26083102,38,1324;1327;1330;1333;1336;1339,97;103;129;130;134;135;154;158,8
PAP-2,1666,26083102,39,1342;1345;1348;1351;1354;1357,0;6;7;15;32;35;38;59,8
PAP-2,1666,26083102,40,1488;1491;1494;1497;1500;1503,5;36;37;44;105;130;137;138,8
PAP-2,1666,26083102,41,1506;1509;1512;1515;1518;1521,5;8;12;13;35;40;43;44,8
PAP-2,1666,26083102,42,1524;1527;1530;1533;1536;1539,23;40;43;46;48;54;55;75,8
PAP-2,1666,26083102,43,1542;1545;1548;1551;1554;1557,137;138;142;143;145;151;170;174,8
PAP-2,1666,26083102,44,1560;1563;1566;1569;1572;1575,13;40;43;44;45;48;52;75,8
PAP-2,1666,26083102,45,1578;1581;1584;1587;1590;1593,37;44;45;76;137;138;145;170,8
PAP-2,1666,26083102,46,1596;1599;1602;1605;1608;1611,105;111;130;134;137;138;142;143,8
PAP-2,1666,26083102,47,1614;1617;1620;1623;1626;1629,8;14;15;23;35;40;43;46,8
PAP-2,1666,26083102,48,1760;1763;1766;1769;1772;1775,13;44;45;52;113;138;145;146,8
PAP-2,1666,26083102,49,1778;1781;1784;1787;1790;1793,13;16;20;21;43;48;51;52,8
PAP-2,1666,26083102,50,1796;1799;1802;1805;1808;1811,31;48;51;54;56;62;63;83,8
PAP-2,1666,26083102,51,1814;1817;1820;1823;1826;1829,145;146;150;151;153;159;178;182,8
PAP-2,1666,26083102,52,1832;1835;1838;1841;1844;1847,21;48;51;52;53;56;60;83,8
PAP-2,1666,26083102,53,1850;1853;1856;1859;1862;1865,45;52;53;84;145;146;153;178,8
PAP-2,1666,26083102,54,1868;1871;1874;1877;1880;1883,113;119;138;142;145;146;150;151,8
PAP-2,1666,26083102,55,1886;1889;1892;1895;1898;1901,16;22;23;31;43;48;51;54,8
PAP-2,1666,26083102,56,2032;2035;2038;2041;2044;2047,21;52;53;60;121;146;153;154,8
PAP-2,1666,26083102,57,2050;2053;2056;2059;2062;2065,21;24;28;29;51;56;59;60,8
PAP-2,1666,26083102,58,2068;2071;2074;2077;2080;2083,7;32;38;39;56;59;62;91,8
PAP-2,1666,26083102,59,2086;2089;2092;2095;2098;2101,129;135;153;154;158;159;186;190,8
PAP-2,1666,26083102,60,2104;2107;2110;2113;2116;2119,29;32;36;56;59;60;61;91,8
PAP-2,1666,26083102,61,2122;2125;2128;2131;2134;2137,53;60;61;92;129;153;154;186,8
PAP-2,1666,26083102,62,2140;2143;2146;2149;2152;2155,121;127;146;150;153;154;158;159,8
PAP-2,1666,26083102,63,2158;2161;2164;2167;2170;2173,7;24;30;31;51;56;59;62,8
PAP-2,1666,26083102,64,2304;2307;2310;2313;2316;2319,61;68;92;93;129;161;162;186,8
PAP-2,1666,26083102,65,2322;2325;2328;2331;2334;2337,32;36;37;61;64;67;68;91,8
PAP-2,1666,26083102,66,2340;2343;2346;2349;2352;2355,47;64;67;70;72;78;79;99,8
PAP-2,1666,26083102,67,2358;2361;2364;2367;2370;2373,2;6;161;162;166;167;169;175,8
PAP-2,1666,26083102,68,2376;2379;2382;2385;2388;2391,37;64;67;68;69;72;76;99,8
PAP-2,1666,26083102,69,2394;2397;2400;2403;2406;2409,2;68;69;93;100;161;162;169,8
PAP-2,1666,26083102,70,2412;2415;2418;2421;2424;2427,129;135;161;162;166;167;186;190,8
PAP-2,1666,26083102,71,2430;2433;2436;2439;2442;2445,32;38;39;47;64;67;70;91,8
PAP-2,1666,26083102,72,2576;2579;2582;2585;2588;2591,37;68;69;76;137;162;169;170,8
PAP-2,1666,26083102,73,2594;2597;2600;2603;2606;2609,37;40;44;45;67;72;75;76,8
PAP-2,1666,26083102,74,2612;2615;2618;2621;2624;2627,55;72;75;78;80;86;87;107,8
PAP-2,1666,26083102,75,2630;2633;2636;2639;2642;2645,10;14;169;170;174;175;177;183,8
PAP-2,1666,26083102,76,2648;2651;2654;2657;2660;2663,45;72;75;76;77;80;84;107,8
PAP-2,1666,26083102,77,2666;2669;2672;2675;2678;2681,10;69;76;77;108;169;170;177,8
PAP-2,1666,26083102,78,2684;2687;2690;2693;2696;2699,137;143;162;166;169;170;174;175,8
PAP-2,1666,26083102,79,2702;2705;2708;2711;2714;2717,40;46;47;55;67;72;75;78,8
PAP-2,1666,26083102,80,2848;2851;2854;2857;2860;2863,45;76;77;84;145;170;177;178,8
PAP-2,1666,26083102,81,2866;2869;2872;2875;2878;2881,45;48;52;53;75;80;83;84,8
PAP-2,1666,26083102,82,2884;2887;2890;2893;2896;2899,63;80;83;86;88;94;95;115,8
PAP-2,1666,26083102,83,2902;2905;2908;2911;2914;2917,18;22;177;178;182;183;185;191,8
PAP-2,1666,26083102,84,2920;2923;2926;2929;2932;2935,53;80;83;84;85;88;92;115,8
PAP-2,1666,26083102,85,2938;2941;2944;2947;2950;2953,18;77;84;85;116;177;178;185,8
PAP-2,1666,26083102,86,2956;2959;2962;2965;2968;2971,145;151;170;174;177;178;182;183,8
PAP-2,1666,26083102,87,2974;2977;2980;2983;2986;2989,48;54;55;63;75;80;83;86,8
PAP-2,1666,26083102,88,3120;3123;3126;3129;3132;3135,53;84;85;92;153;178;185;186,8
PAP-2,1666,26083102,89,3138;3141;3144;3147;3150;3153,53;56;60;61;83;88;91;92,8
PAP-2,1666,26083102,90,3156;3159;3162;3165;3168;3171,39;64;70;71;88;91;94;123,8
PAP-2,1666,26083102,91,3174;3177;3180;3183;3186;3189,26;30;161;167;185;186;190;191,8
PAP-2,1666,26083102,92,3192;3195;3198;3201;3204;3207,61;64;68;88;91;92;93;123,8
PAP-2,1666,26083102,93,3210;3213;3216;3219;3222;3225,26;85;92;93;124;161;185;186,8
PAP-2,1666,26083102,94,3228;3231;3234;3237;3240;3243,153;159;178;182;185;186;190;191,8
PAP-2,1666,26083102,95,3246;3249;3252;3255;3258;3261,39;56;62;63;83;88;91;94,8
PAP-2,1666,26083102,96,3392;3395;3398;3401;3404;3407,1;2;26;93;100;124;125;161,8
PAP-2,1666,26083102,97,3410;3413;3416;3419;3422;3425,64;68;69;93;96;99;100;123,8
PAP-2,1666,26083102,98,3428;3431;3434;3437;3440;3443,79;96;99;102;104;110;111;131,8
PAP-2,1666,26083102,99,3446;3449;3452;3455;3458;3461,1;2;6;7;9;15;34;38,8
PAP-2,1666,26083102,100,3464;3467;3470;3473;3476;3479,69;96;99;100;101;104;108;131,8
PAP-2,1666,26083102,101,3482;3485;3488;3491;3494;3497,1;2;9;34;100;101;125;132,8
PAP-2,1666,26083102,102,3500;3503;3506;3509;3512;3515,1;2;6;7;26;30;161;167,8
PAP-2,1666,26083102,103,3518;3521;3524;3527;3530;3533,64;70;71;79;96;99;102;123,8
PAP-2,1666,26083102,104,3664;3667;3670;3673;3676;3679,2;9;10;69;100;101;108;169,8
PAP-2,1666,26083102,105,3682;3685;3688;3691;3694;3697,69;72;76;77;99;104;107;108,8
PAP-2,1666,26083102,106,3700;3703;3706;3709;3712;3715,87;104;107;110;112;118;119;139,8
PAP-2,1666,26083102,107,3718;3721;3724;3727;3730;3733,9;10;14;15;17;23;42;46,8
PAP-2,1666,26083102,108,3736;3739;3742;3745;3748;3751,77;104;107;108;109;112;116;139,8
PAP-2,1666,26083102,109,3754;3757;3760;3763;3766;3769,9;10;17;42;101;108;109;140,8
PAP-2,1666,26083102,110,3772;3775;3778;3781;3784;3787,2;6;9;10;14;15;169;175,8
PAP-2,1666,26083102,111,3790;3793;3796;3799;3802;3805,72;78;79;87;99;104;107;110,8
PAP-2,1666,26083102,112,3936;3939;3942;3945;3948;3951,10;17;18;77;108;109;116;177,8
PAP-2,1666,26083102,113,3954;3957;3960;3963;3966;3969,77;80;84;85;107;112;115;116,8
PAP-2,1666,26083102,114,3972;3975;3978;3981;3984;3987,95;112;115;118;120;126;127;147,8
PAP-2,1666,26083102,115,3990;3993;3996;3999;4002;4005,17;18;22;23;25;31;50;54,8
PAP-2,1666,26083102,116,4008;4011;4014;4017;4020;4023,85;112;115;116;117;120;124;147,8
PAP-2,1666,26083102,117,4026;4029;4032;4035;4038;4041,17;18;25;50;109;116;117;148,8
PAP-2,1666,26083102,118,4044;4047;4050;4053;4056;4059,10;14;17;18;22;23;177;183,8
PAP-2,1666,26083102,119,4062;4065;4068;4071;4074;4077,80;86;87;95;107;112;115;118,8
PAP-2,1666,26083102,120,4208;4211;4214;4217;4220;4223,18;25;26;85;116;117;124;185,8
PAP-2,1666,26083102,121,4226;4229;4232;4235;4238;4241,85;88;92;93;115;120;123;124,8
PAP-2,1666,26083102,122,4244;4247;4250;4253;4256;4259,71;96;102;103;120;123;126;155,8
PAP-2,1666,26083102,123,4262;4265;4268;4271;4274;4277,1;7;25;26;30;31;58;62,8
PAP-2,1666,26083102,124,4280;4283;4286;4289;4292;4295,93;96;100;120;123;124;125;155,8
PAP-2,1666,26083102,125,4298;4301;4304;4307;4310;4313,1;25;26;58;117;124;125;156,8
PAP-2,1666,26083102,126,4316;4319;4322;4325;4328;4331,18;22;25;26;30;31;185;191,8
PAP-2,1666,26083102,127,4334;4337;4340;4343;4346;4349,71;88;94;95;115;120;123;126,8
PAP-2,1666,26083102,128,4480;4483;4486;4489;4492;4495,1;33;34;58;125;132;156;157,8
PAP-2,1666,26083102,129,4498;4501;4504;4507;4510;4513,96;100;101;125;128;131;132;155,8
PAP-2,1666,26083102,130,4516;4519;4522;4525;4528;4531,111;128;131;134;136;142;143;163,8
PAP-2,1666,26083102,131,4534;4537;4540;4543;4546;4549,33;34;38;39;41;47;66;70,8
PAP-2,1666,26083102,132,4552;4555;4558;4561;4564;4567,101;128;131;132;133;136;140;163,8
PAP-2,1666,26083102,133,4570;4573;4576;4579;4582;4585,33;34;41;66;132;133;157;164,8
PAP-2,1666,26083102,134,4588;4591;4594;4597;4600;4603,1;7;33;34;38;39;58;62,8
PAP-2,1666,26083102,135,4606;4609;4612;4615;4618;4621,96;102;103;111;128;131;134;155,8
PAP-2,1666,26083102,136,4752;4755;4758;4761;4764;4767,9;34;41;42;101;132;133;140,8
PAP-2,1666,26083102,137,4770;4773;4776;4779;4782;4785,101;104;108;109;131;136;139;140,8
PAP-2,1666,26083102,138,4788;4791;4794;4797;4800;4803,119;136;139;142;144;150;151;171,8
PAP-2,1666,26083102,139,4806;4809;4812;4815;4818;4821,41;42;46;47;49;55;74;78,8
PAP-2,1666,26083102,140,4824;4827;4830;4833;4836;4839,109;136;139;140;141;144;148;171,8
PAP-2,1666,26083102,141,4842;4845;4848;4851;4854;4857,41;42;49;74;133;140;141;172,8
PAP-2,1666,26083102,142,4860;4863;4866;4869;4872;4875,9;15;34;38;41;42;46;47,8
PAP-2,1666,26083102,143,4878;4881;4884;4887;4890;4893,104;110;111;119;131;136;139;142,8
PAP-2,1666,26083102,144,5024;5027;5030;5033;5036;5039,17;42;49;50;109;140;141;148,8
PAP-2,1666,26083102,145,5042;5045;5048;5051;5054;5057,109;112;116;117;139;144;147;148,8
PAP-2,1666,26083102,146,5060;5063;5066;5069;5072;5075,127;144;147;150;152;158;159;179,8
PAP-2,1666,26083102,147,5078;5081;5084;5087;5090;5093,49;50;54;55;57;63;82;86,8
PAP-2,1666,26083102,148,5096;5099;5102;5105;5108;5111,117;144;147;148;149;152;156;179,8
PAP-2,1666,26083102,149,5114;5117;5120;5123;5126;5129,49;50;57;82;141;148;149;180,8
PAP-2,1666,26083102,150,5132;5135;5138;5141;5144;5147,17;23;42;46;49;50;54;55,8
PAP-2,1666,26083102,151,5150;5153;5156;5159;5162;5165,112;118;119;127;139;144;147;150,8
PAP-2,1666,26083102,152,5296;5299;5302;5305;5308;5311,25;50;57;58;117;148;149;156,8
PAP-2,1666,26083102,153,5314;5317;5320;5323;5326;5329,117;120;124;125;147;152;155;156,8
PAP-2,1666,26083102,154,5332;5335;5338;5341;5344;5347,103;128;134;135;152;155;158;187,8
PAP-2,1666,26083102,155,5350;5353;5356;5359;5362;5365,33;39;57;58;62;63;90;94,8
PAP-2,1666,26083102,156,5368;5371;5374;5377;5380;5383,125;128;132;152;155;156;157;187,8
PAP-2,1666,26083102,157,5386;5389;5392;5395;5398;5401,33;57;58;90;149;156;157;188,8
PAP-2,1666,26083102,158,5404;5407;5410;5413;5416;5419,25;31;50;54;57;58;62;63,8
PAP-2,1666,26083102,159,5422;5425;5428;5431;5434;5437,103;120;126;127;147;152;155;158,8
PAP-2,1666,26083102,160,5568;5571;5574;5577;5580;5583,33;65;66;90;157;164;188;189,8
PAP-2,1666,26083102,161,5586;5589;5592;5595;5598;5601,128;132;133;157;160;163;164;187,8
PAP-2,1666,26083102,162,5604;5607;5610;5613;5616;5619,3;143;160;163;166;168;174;175,8
PAP-2,1666,26083102,163,5622;5625;5628;5631;5634;5637,65;66;70;71;73;79;98;102,8
PAP-2,1666,26083102,164,5640;5643;5646;5649;5652;5655,3;133;160;163;164;165;168;172,8
PAP-2,1666,26083102,165,5658;5661;5664;5667;5670;5673,4;65;66;73;98;164;165;189,8
PAP-2,1666,26083102,166,5676;5679;5682;5685;5688;5691,33;39;65;66;70;71;90;94,8
PAP-2,1666,26083102,167,5694;5697;5700;5703;5706;5709,128;134;135;143;160;163;166;187,8
PAP-2,1666,26083102,168,5840;5843;5846;5849;5852;5855,41;66;73;74;133;164;165;172,8
PAP-2,1666,26083102,169,5858;5861;5864;5867;5870;5873,133;136;140;141;163;168;171;172,8
PAP-2,1666,26083102,170,5876;5879;5882;5885;5888;5891,11;151;168;171;174;176;182;183,8
PAP-2,1666,26083102,171,5894;5897;5900;5903;5906;5909,73;74;78;79;81;87;106;110,8
PAP-2,1666,26083102,172,5912;5915;5918;5921;5924;5927,11;141;168;171;172;173;176;180,8
PAP-2,1666,26083102,173,5930;5933;5936;5939;5942;5945,12;73;74;81;106;165;172;173,8
PAP-2,1666,26083102,174,5948;5951;5954;5957;5960;5963,41;47;66;70;73;74;78;79,8
PAP-2,1666,26083102,175,5966;5969;5972;5975;5978;5981,136;142;143;151;163;168;171;174,8
PAP-2,1666,26083102,176,6112;6115;6118;6121;6124;6127,49;74;81;82;141;172;173;180,8
PAP-2,1666,26083102,177,6130;6133;6136;6139;6142;6145,141;144;148;149;171;176;179;180,8
PAP-2,1666,26083102,178,6148;6151;6154;6157;6160;6163,19;159;176;179;182;184;190;191,8
PAP-2,1666,26083102,179,6166;6169;6172;6175;6178;6181,81;82;86;87;89;95;114;118,8
PAP-2,1666,26083102,180,6184;6187;6190;6193;6196;6199,19;149;176;179;180;181;184;188,8
PAP-2,1666,26083102,181,6202;6205;6208;6211;6214;6217,20;81;82;89;114;173;180;181,8
PAP-2,1666,26083102,182,6220;6223;6226;6229;6232;6235,49;55;74;78;81;82;86;87,8
PAP-2,1666,26083102,183,6238;6241;6244;6247;6250;6253,144;150;151;159;171;176;179;182,8
PAP-2,1666,26083102,184,6384;6387;6390;6393;6396;6399,57;82;89;90;149;180;181;188,8
PAP-2,1666,26083102,185,6402;6405;6408;6411;6414;6417,149;152;156;157;179;184;187;188,8
PAP-2,1666,26083102,186,6420;6423;6426;6429;6432;6435,27;135;160;166;167;184;187;190,8
PAP-2,1666,26083102,187,6438;6441;6444;6447;6450;6453,65;71;89;90;94;95;122;126,8
PAP-2,1666,26083102,188,6456;6459;6462;6465;6468;6471,27;157;160;164;184;187;188;189,8
PAP-2,1666,26083102,189,6474;6477;6480;6483;6486;6489,28;65;89;90;122;181;188;189,8
PAP-2,1666,26083102,190,6492;6495;6498;6501;6504;6507,57;63;82;86;89;90;94;95,8
PAP-2,1666,26083102,191,6510;6513;6516;6519;6522;6525,135;152;158;159;179;184;187;190,8
PAP-2,1666,26083103,0,128;131;134;137;140;143,4;28;29;65;97;98;122;189,8
PAP-2,1666,26083103,1,146;149;152;155;158;161,0;3;4;27;160;164;165;189,8
PAP-2,1666,26083103,2,164;167;170;173;176;179,0;3;6;8;14;15;35;175,8
PAP-2,1666,26083103,3,182;185;188;191;194;197,97;98;102;103;105;111;130;134,8
PAP-2,1666,26083103,4,200;203;206;209;212;215,0;3;4;5;8;12;35;165,8
PAP-2,1666,26083103,5,218;221;224;227;230;233,4;5;29;36;97;98;105;130,8
PAP-2,1666,26083103,6,236;239;242;245;248;251,65;71;97;98;102;103;122;126,8
PAP-2,1666,26083103,7,254;257;260;263;266;269,0;3;6;27;160;166;167;175,8
PAP-2,1666,26083103,8,400;403;406;409;412;415,4;5;12;73;98;105;106;165,8
PAP-2,1666,26083103,9,418;421;424;427;430;433,3;8;11;12;165;168;172;173,8
PAP-2,1666,26083103,10,436;439;442;445;448;451,8;11;14;16;22;23;43;183,8
PAP-2,1666,26083103,11,454;457;460;463;466;469,105;106;110;111;113;119;138;142,8
PAP-2,1666,26083103,12,472;475;478;481;484;487,8;11;12;13;16;20;43;173,8
PAP-2,1666,26083103,13,490;493;496;499;502;505,5;12;13;44;105;106;113;138,8
PAP-2,1666,26083103,14,508;511;514;517;520;523,73;79;98;102;105;106;110;111,8
PAP-2,1666,26083103,15,526;529;532;535;538;541,3;8;11;14;168;174;175;183,8
PAP-2,1666,26083103,16,672;675;678;681;684;687,12;13;20;81;106;113;114;173,8
PAP-2,1666,26083103,17,690;693;696;699;702;705,11;16;19;20;173;176;180;181,8
PAP-2,1666,26083103,18,708;711;714;717;720;723,16;19;22;24;30;31;51;191,8
PAP-2,1666,26083103,19,726;729;732;735;738;741,113;114;118;119;121;127;146;150,8
PAP-2,1666,26083103,20,744;747;750;753;756;759,16;19;20;21;24;28;51;181,8
PAP-2,1666,26083103,21,762;765;768;771;774;777,13;20;21;52;113;114;121;146,8
PAP-2,1666,26083103,22,780;783;786;789;792;795,81;87;106;110;113;114;118;119,8
PAP-2,1666,26083103,23,798;801;804;807;810;813,11;16;19;22;176;182;183;191,8
PAP-2,1666,26083103,24,944;947;950;953;956;959,20;21;28;89;114;121;122;181,8
PAP-2,1666,26083103,25,962;965;968;971;974;977,19;24;27;28;181;184;188;189,8
PAP-2,1666,26083103,26,980;983;986;989;992;995,0;6;7;24;27;30;59;167,8
PAP-2,1666,26083103,27,998;1001;1004;1007;1010;1013,97;103;121;122;126;127;154;158,8
PAP-2,1666,26083103,28,1016;1019;1022;1025;1028;1031,0;4;24;27;28;29;59;189,8
PAP-2,1666,26083103,29,1034;1037;1040;1043;1046;1049,21;28;29;60;97;121;122;154,8
PAP-2,1666,26083103,30,1052;1055;1058;1061;1064;1067,89;95;114;118;121;122;126;127,8
PAP-2,1666,26083103,31,1070;1073;1076;1079;1082;1085,19;24;27;30;167;184;190;191,8
PAP-2,1666,26083103,32,1216;1219;1222;1225;1228;1231,29;36;60;61;97;129;130;154,8
PAP-2,1666,26083103,33,1234;1237;1240;1243;1246;1249,0;4;5;29;32;35;36;59,8
PAP-2,1666,26083103,34,1252;1255;1258;1261;1264;1267,15;32;35;38;40;46;47;67,8
PAP-2,1666,26083103,35,1270;1273;1276;1279;1282;1285,129;130;134;135;137;143;162;166,8
PAP-2,1666,26083103,36,1288;1291;1294;1297;1300;1303,5;32;35;36;37;40;44;67,8
PAP-2,1666,26083103,37,1306;1309;1312;1315;1318;1321,36;37;61;68;129;130;137;162,8
PAP-2,1666,26083103,38,1324;1327;1330;1333;1336;1339,97;103;129;130;134;135;154;158,8
PAP-2,1666,26083103,39,1342;1345;1348;1351;1354;1357,0;6;7;15;32;35;38;59,8
PAP-2,1666,26083103,40,1488;1491;1494;1497;1500;1503,5;36;37;44;105;130;137;138,8
PAP-2,1666,26083103,41,1506;1509;1512;1515;1518;1521,5;8;12;13;35;40;43;44,8
PAP-2,1666,26083103,42,1524;1527;1530;1533;1536;1539,23;40;43;46;48;54;55;75,8
PAP-2,1666,26083103,43,1542;1545;1548;1551;1554;1557,137;138;142;143;145;151;170;174,8
PAP-2,1666,26083103,44,1560;1563;1566;1569;1572;1575,13;40;43;44;45;48;52;75,8
PAP-2,1666,26083103,45,1578;1581;1584;1587;1590;1593,37;44;45;76;137;138;145;170,8
PAP-2,1666,26083103,46,1596;1599;1602;1605;1608;1611,105;111;130;134;137;138;142;143,8
PAP-2,1666,26083103,47,1614;1617;1620;1623;1626;1629,8;14;15;23;35;40;43;46,8
PAP-2,1666,26083103,48,1760;1763;1766;1769;1772;1775,13;44;45;52;113;138;145;146,8
PAP-2,1666,26083103,49,1778;1781;1784;1787;1790;1793,13;16;20;21;43;48;51;52,8
PAP-2,1666,26083103,50,1796;1799;1802;1805;1808;1811,31;48;51;54;56;62;63;83,8
PAP-2,1666,26083103,51,1814;1817;1820;1823;1826;1829,145;146;150;151;153;159;178;182,8
PAP-2,1666,26083103,52,1832;1835;1838;1841;1844;1847,21;48;51;52;53;56;60;83,8
PAP-2,1666,26083103,53,1850;1853;1856;1859;1862;1865,45;52;53;84;145;146;153;178,8
PAP-2,1666,26083103,54,1868;1871;1874;1877;1880;1883,113;119;138;142;145;146;150;151,8
PAP-2,1666,26083103,55,1886;1889;1892;1895;1898;1901,16;22;23;31;43;48;51;54,8
PAP-2,1666,26083103,56,2032;2035;2038;2041;2044;2047,21;52;53;60;121;146;153;154,8
PAP-2,1666,26083103,57,2050;2053;2056;2059;2062;2065,21;24;28;29;51;56;59;60,8
PAP-2,1666,26083103,58,2068;2071;2074;2077;2080;2083,7;32;38;39;56;59;62;91,8
PAP-2,1666,26083103,59,2086;2089;2092;2095;2098;2101,129;135;153;154;158;159;186;190,8
PAP-2,1666,26083103,60,2104;2107;2110;2113;2116;2119,29;32;36;56;59;60;61;91,8
PAP-2,1666,26083103,61,2122;2125;2128;2131;2134;2137,53;60;61;92;129;153;154;186,8
PAP-2,1666,26083103,62,2140;2143;2146;2149;2152;2155,121;127;146;150;153;154;158;159,8
PAP-2,1666,26083103,63,2158;2161;2164;2167;2170;2173,7;24;30;31;51;56;59;62,8
PAP-2,1666,26083103,64,2304;2307;2310;2313;2316;2319,61;68;92;93;129;161;162;186,8
PAP-2,1666,26083103,65,2322;2325;2328;2331;2334;2337,32;36;37;61;64;67;68;91,8
PAP-2,1666,26083103,66,2340;2343;2346;2349;2352;2355,47;64;67;70;72;78;79;99,8
PAP-2,1666,26083103,67,2358;2361;2364;2367;2370;2373,2;6;161;162;166;167;169;175,8
PAP-2,1666,26083103,68,2376;2379;2382;2385;2388;2391,37;64;67;68;69;72;76;99,8
PAP-2,1666,26083103,69,2394;2397;2400;2403;2406;2409,2;68;69;93;100;161;162;169,8
PAP-2,1666,26083103,70,2412;2415;2418;2421;2424;2427,129;135;161;162;166;167;186;190,8
PAP-2,1666,26083103,71,2430;2433;2436;2439;2442;2445,32;38;39;47;64;67;70;91,8
PAP-2,1666,26083103,72,2576;2579;2582;2585;2588;2591,37;68;69;76;137;162;169;170,8
PAP-2,1666,26083103,73,2594;2597;2600;2603;2606;2609,37;40;44;45;67;72;75;76,8
PAP-2,1666,26083103,74,2612;2615;2618;2621;2624;2627,55;72;75;78;80;86;87;107,8
PAP-2,1666,26083103,75,2630;2633;2636;2639;2642;2645,10;14;169;170;174;175;177;183,8
PAP-2,1666,26083103,76,2648;2651;2654;2657;2660;2663,45;72;75;76;77;80;84;107,8
PAP-2,1666,26083103,77,2666;2669;2672;2675;2678;2681,10;69;76;77;108;169;170;177,8
PAP-2,1666,26083103,78,2684;2687;2690;2693;2696;2699,137;143;162;166;169;170;174;175,8
PAP-2,1666,26083103,79,2702;2705;2708;2711;2714;2717,40;46;47;55;67;72;75;78,8
PAP-2,1666,26083103,80,2848;2851;2854;2857;2860;2863,45;76;77;84;145;170;177;178,8
PAP-2,1666,26083103,81,2866;2869;2872;2875;2878;2881,45;48;52;53;75;80;83;84,8
PAP-2,1666,26083103,82,2884;2887;2890;2893;2896;2899,63;80;83;86;88;94;95;115,8
PAP-2,1666,26083103,83,2902;2905;2908;2911;2914;2917,18;22;177;178;182;183;185;191,8
PAP-2,1666,26083103,84,2920;2923;2926;2929;2932;2935,53;80;83;84;85;88;92;115,8
PAP-2,1666,26083103,85,2938;2941;2944;2947;2950;2953,18;77;84;85;116;177;178;185,8
PAP-2,1666,26083103,86,2956;2959;2962;2965;2968;2971,145;151;170;174;177;178;182;183,8
PAP-2,1666,26083103,87,2974;2977;2980;2983;2986;2989,48;54;55;63;75;80;83;86,8
PAP-2,1666,26083103,88,3120;3123;3126;3129;3132;3135,53;84;85;92;153;178;185;186,8
PAP-2,1666,26083103,89,3138;3141;3144;3147;3150;3153,53;56;60;61;83;88;91;92,8
PAP-2,1666,26083103,90,3156;3159;3162;3165;3168;3171,39;64;70;71;88;91;94;123,8
PAP-2,1666,26083103,91,3174;3177;3180;3183;3186;3189,26;30;161;167;185;186;190;191,8
PAP-2,1666,26083103,92,3192;3195;3198;3201;3204;3207,61;64;68;88;91;92;93;123,8
PAP-2,1666,26083103,93,3210;3213;3216;3219;3222;3225,26;85;92;93;124;161;185;186,8
PAP-2,1666,26083103,94,3228;3231;3234;3237;3240;3243,153;159;178;182;185;186;190;191,8
PAP-2,1666,26083103,95,3246;3249;3252;3255;3258;3261,39;56;62;63;83;88;91;94,8
PAP-2,1666,26083103,96,3392;3395;3398;3401;3404;3407,1;2;26;93;100;124;125;161,8
PAP-2,1666,26083103,97,3410;3413;3416;3419;3422;3425,64;68;69;93;96;99;100;123,8
PAP-2,1666,26083103,98,3428;3431;3434;3437;3440;3443,79;96;99;102;104;110;111;131,8
PAP-2,1666,26083103,99,3446;3449;3452;3455;3458;3461,1;2;6;7;9;15;34;38,8
PAP-2,1666,26083103,100,3464;3467;3470;3473;3476;3479,69;96;99;100;101;104;108;131,8
PAP-2,1666,26083103,101,3482;3485;3488;3491;3494;3497,1;2;9;34;100;101;125;132,8
PAP-2,1666,26083103,102,3500;3503;3506;3509;3512;3515,1;2;6;7;26;30;161;167,8
PAP-2,1666,26083103,103,3518;3521;3524;3527;3530;3533,64;70;71;79;96;99;102;123,8
PAP-2,1666,26083103,104,3664;3667;3670;3673;3676;3679,2;9;10;69;100;101;108;169,8
PAP-2,1666,26083103,105,3682;3685;3688;3691;3694;3697,69;72;76;77;99;104;107;108,8
PAP-2,1666,26083103,106,3700;3703;3706;3709;3712;3715,87;104;107;110;112;118;119;139,8
PAP-2,1666,26083103,107,3718;3721;3724;3727;3730;3733,9;10;14;15;17;23;42;46,8
PAP-2,1666,26083103,108,3736;3739;3742;3745;3748;3751,77;104;107;108;109;112;116;139,8
PAP-2,1666,26083103,109,3754;3757;3760;3763;3766;3769,9;10;17;42;101;108;109;140,8
PAP-2,1666,26083103,110,3772;3775;3778;3781;3784;3787,2;6;9;10;14;15;169;175,8
PAP-2,1666,26083103,111,3790;3793;3796;3799;3802;3805,72;78;79;87;99;104;107;110,8
PAP-2,1666,26083103,112,3936;3939;3942;3945;3948;3951,10;17;18;77;108;109;116;177,8
PAP-2,1666,26083103,113,3954;3957;3960;3963;3966;3969,77;80;84;85;107;112;115;116,8
PAP-2,1666,26083103,114,3972;3975;3978;3981;3984;3987,95;112;115;118;120;126;127;147,8
PAP-2,1666,26083103,115,3990;3993;3996;3999;4002;4005,17;18;22;23;25;31;50;54,8
PAP-2,1666,26083103,116,4008;4011;4014;4017;4020;4023,85;112;115;116;117;120;124;147,8
PAP-2,1666,26083103,117,4026;4029;4032;4035;4038;4041,17;18;25;50;109;116;117;148,8
PAP-2,1666,26083103,118,4044;4047;4050;4053;4056;4059,10;14;17;18;22;23;177;183,8
PAP-2,1666,26083103,119,4062;4065;4068;4071;4074;4077,80;86;87;95;107;112;115;118,8
PAP-2,1666,26083103,120,4208;4211;4214;4217;4220;4223,18;25;26;85;116;117;124;185,8
PAP-2,1666,26083103,121,4226;4229;4232;4235;4238;4241,85;88;92;93;115;120;123;124,8
PAP-2,1666,26083103,122,4244;4247;4250;4253;4256;4259,71;96;102;103;120;123;126;155,8
PAP-2,1666,26083103,123,4262;4265;4268;4271;4274;4277,1;7;25;26;30;31;58;62,8
PAP-2,1666,26083103,124,4280;4283;4286;4289;4292;4295,93;96;100;120;123;124;125;155,8
PAP-2,1666,26083103,125,4298;4301;4304;4307;4310;4313,1;25;26;58;117;124;125;156,8
PAP-2,1666,26083103,126,4316;4319;4322;4325;4328;4331,18;22;25;26;30;31;185;191,8
PAP-2,1666,26083103,127,4334;4337;4340;4343;4346;4349,71;88;94;95;115;120;123;126,8
PAP-2,1666,26083103,128,4480;4483;4486;4489;4492;4495,1;33;34;58;125;132;156;157,8
PAP-2,1666,26083103,129,4498;4501;4504;4507;4510;4513,96;100;101;125;128;131;132;155,8
PAP-2,1666,26083103,130,4516;4519;4522;4525;4528;4531,111;128;131;134;136;142;143;163,8
PAP-2,1666,26083103,131,4534;4537;4540;4543;4546;4549,33;34;38;39;41;47;66;70,8
PAP-2,1666,26083103,132,4552;4555;4558;4561;4564;4567,101;128;131;132;133;136;140;163,8
PAP-2,1666,26083103,133,4570;4573;4576;4579;4582;4585,33;34;41;66;132;133;157;164,8
PAP-2,1666,26083103,134,4588;4591;4594;4597;4600;4603,1;7;33;34;38;39;58;62,8
PAP-2,1666,26083103,135,4606;4609;4612;4615;4618;4621,96;102;103;111;128;131;134;155,8
PAP-2,1666,26083103,136,4752;4755;4758;4761;4764;4767,9;34;41;42;101;132;133;140,8
PAP-2,1666,26083103,137,4770;4773;4776;4779;4782;4785,101;104;108;109;131;136;139;140,8
PAP-2,1666,26083103,138,4788;4791;4794;4797;4800;4803,119;136;139;142;144;150;151;171,8
PAP-2,1666,26083103,139,4806;4809;4812;4815;4818;4821,41;42;46;47;49;55;74;78,8
PAP-2,1666,26083103,140,4824;4827;4830;4833;4836;4839,109;136;139;140;141;144;148;171,8
PAP-2,1666,26083103,141,4842;4845;4848;4851;4854;4857,41;42;49;74;133;140;141;172,8
PAP-2,1666,26083103,142,4860;4863;4866;4869;4872;4875,9;15;34;38;41;42;46;47,8
PAP-2,1666,26083103,143,4878;4881;4884;4887;4890;4893,104;110;111;119;131;136;139;142,8
PAP-2,1666,26083103,144,5024;5027;5030;5033;5036;5039,17;42;49;50;109;140;141;148,8
PAP-2,1666,26083103,145,5042;5045;5048;5051;5054;5057,109;112;116;117;139;144;147;148,8
PAP-2,1666,26083103,146,5060;5063;5066;5069;5072;5075,127;144;147;150;152;158;159;179,8
PAP-2,1666,26083103,147,5078;5081;5084;5087;5090;5093,49;50;54;55;57;63;82;86,8
PAP-2,1666,26083103,148,5096;5099;5102;5105;5108;5111,117;144;147;148;149;152;156;179,8
PAP-2,1666,26083103,149,5114;5117;5120;5123;5126;5129,49;50;57;82;141;148;149;180,8
PAP-2,1666,26083103,150,5132;5135;5138;5141;5144;5147,17;23;42;46;49;50;54;55,8
PAP-2,1666,26083103,151,5150;5153;5156;5159;5162;5165,112;118;119;127;139;144;147;150,8
PAP-2,1666,26083103,152,5296;5299;5302;5305;5308;5311,25;50;57;58;117;148;149;156,8
PAP-2,1666,26083103,153,5314;5317;5320;5323;5326;5329,117;120;124;125;147;152;155;156,8
PAP-2,1666,26083103,154,5332;5335;5338;5341;5344;5347,103;128;134;135;152;155;158;187,8
PAP-2,1666,26083103,155,5350;5353;5356;5359;5362;5365,33;39;57;58;62;63;90;94,8
PAP-2,1666,26083103,156,5368;5371;5374;5377;5380;5383,125;128;132;152;155;156;157;187,8
PAP-2,1666,26083103,157,5386;5389;5392;5395;5398;5401,33;57;58;90;149;156;157;188,8
PAP-2,1666,26083103,158,5404;5407;5410;5413;5416;5419,25;31;50;54;57;58;62;63,8
PAP-2,1666,26083103,159,5422;5425;5428;5431;5434;5437,103;120;126;127;147;152;155;158,8
PAP-2,1666,26083103,160,5568;5571;5574;5577;5580;5583,33;65;66;90;157;164;188;189,8
PAP-2,1666,26083103,161,5586;5589;5592;5595;5598;5601,128;132;133;157;160;163;164;187,8
PAP-2,1666,26083103,162,5604;5607;5610;5613;5616;5619,3;143;160;163;166;168;174;175,8
PAP-2,1666,26083103,163,5622;5625;5628;5631;5634;5637,65;66;70;71;73;79;98;102,8
PAP-2,1666,26083103,164,5640;5643;5646;5649;5652;5655,3;133;160;163;164;165;168;172,8
PAP-2,1666,26083103,165,5658;5661;5664;5667;5670;5673,4;65;66;73;98;164;165;189,8
PAP-2,1666,26083103,166,5676;5679;5682;5685;5688;5691,33;39;65;66;70;71;90;94,8
PAP-2,1666,26083103,167,5694;5697;5700;5703;5706;5709,128;134;135;143;160;163;166;187,8
PAP-2,1666,26083103,168,5840;5843;5846;5849;5852;5855,41;66;73;74;133;164;165;172,8
PAP-2,1666,26083103,169,5858;5861;5864;5867;5870;5873,133;136;140;141;163;168;171;172,8
PAP-2,1666,26083103,170,5876;5879;5882;5885;5888;5891,11;151;168;171;174;176;182;183,8
PAP-2,1666,26083103,171,5894;5897;5900;5903;5906;5909,73;74;78;79;81;87;106;110,8
PAP-2,1666,26083103,172,5912;5915;5918;5921;5924;5927,11;141;168;171;172;173;176;180,8
PAP-2,1666,26083103,173,5930;5933;5936;5939;5942;5945,12;73;74;81;106;165;172;173,8
PAP-2,1666,26083103,174,5948;5951;5954;5957;5960;5963,41;47;66;70;73;74;78;79,8
PAP-2,1666,26083103,175,5966;5969;5972;5975;5978;5981,136;142;143;151;163;168;171;174,8
PAP-2,1666,26083103,176,6112;6115;6118;6121;6124;6127,49;74;81;82;141;172;173;180,8
PAP-2,1666,26083103,177,6130;6133;6136;6139;6142;6145,141;144;148;149;171;176;179;180,8
PAP-2,1666,26083103,178,6148;6151;6154;6157;6160;6163,19;159;176;179;182;184;190;191,8
PAP-2,1666,26083103,179,6166;6169;6172;6175;6178;6181,81;82;86;87;89;95;114;118,8
PAP-2,1666,26083103,180,6184;6187;6190;6193;6196;6199,19;149;176;179;180;181;184;188,8
PAP-2,1666,26083103,181,6202;6205;6208;6211;6214;6217,20;81;82;89;114;173;180;181,8
PAP-2,1666,26083103,182,6220;6223;6226;6229;6232;6235,49;55;74;78;81;82;86;87,8
PAP-2,1666,26083103,183,6238;6241;6244;6247;6250;6253,144;150;151;159;171;176;179;182,8
PAP-2,1666,26083103,184,6384;6387;6390;6393;6396;6399,57;82;89;90;149;180;181;188,8
PAP-2,1666,26083103,185,6402;6405;6408;6411;6414;6417,149;152;156;157;179;184;187;188,8
PAP-2,1666,26083103,186,6420;6423;6426;6429;6432;6435,27;135;160;166;167;184;187;190,8
PAP-2,1666,26083103,187,6438;6441;6444;6447;6450;6453,65;71;89;90;94;95;122;126,8
PAP-2,1666,26083103,188,6456;6459;6462;6465;6468;6471,27;157;160;164;184;187;188;189,8
PAP-2,1666,26083103,189,6474;6477;6480;6483;6486;6489,28;65;89;90;122;181;188;189,8
PAP-2,1666,26083103,190,6492;6495;6498;6501;6504;6507,57;63;82;86;89;90;94;95,8
PAP-2,1666,26083103,191,6510;6513;6516;6519;6522;6525,135;152;158;159;179;184;187;190,8
PAP-H2,1666,26083101,0,128;131;134;137;140;143;146,0;1;3;4;6;35;36;55,8
PAP-H2,1666,26083101,1,149;152;155;158;161;164;167,0;5;9;14;50;55;82;165,8
PAP-H2,1666,26083101,2,170;173;176;179;182;185;188,1;4;22;29;51;54;58;161,8
PAP-H2,1666,26083101,3,191;194;197;200;203;206;209,0;2;3;7;148;160;165;167,8
PAP-H2,1666,26083101,4,212;215;218;221;224;227;230,0;3;4;23;50;55;160;165,8
PAP-H2,1666,26083101,5,233;236;239;242;245;248;251,1;3;4;6;58;161;166;173,8
PAP-H2,1666,26083101,6,254;257;260;263;266;269;272,0;2;5;7;14;34;153;165,8
PAP-H2,1666,26083101,7,275;278;281;284;287;290;293,1;4;36;48;51;54;55;83,8
PAP-H2,1666,26083101,8,424;427;430;433;436;439;442,8;9;11;12;14;43;44;63,8
PAP-H2,1666,26083101,9,445;448;451;454;457;460;463,1;6;8;13;58;63;90;173,8
PAP-H2,1666,26083101,10,466;469;472;475;478;481;484,9;12;21;30;50;59;62;169,8
PAP-H2,1666,26083101,11,487;490;493;496;499;502;505,8;10;11;15;156;168;173;175,8
PAP-H2,1666,26083101,12,508;511;514;517;520;523;526,8;11;12;31;58;63;168;173,8
PAP-H2,1666,26083101,13,529;532;535;538;541;544;547,9;11;12;14;50;165;169;174,8
PAP-H2,1666,26083101,14,550;553;556;559;562;565;568,6;8;10;13;15;42;145;173,8
PAP-H2,1666,26083101,15,571;574;577;580;583;586;589,9;12;44;56;59;62;63;91,8
PAP-H2,1666,26083101,16,720;723;726;729;732;735;738,16;17;19;20;22;51;52;71,8
PAP-H2,1666,26083101,17,741;744;747;750;753;756;759,16;21;25;30;66;71;98;181,8
PAP-H2,1666,26083101,18,762;765;768;771;774;777;780,17;20;38;45;67;70;74;177,8
PAP-H2,1666,26083101,19,783;786;789;792;795;798;801,16;18;19;23;164;176;181;183,8
PAP-H2,1666,26083101,20,804;807;810;813;816;819;822,16;19;20;39;66;71;176;181,8
PAP-H2,1666,26083101,21,825;828;831;834;837;840;843,17;19;20;22;74;177;182;189,8
PAP-H2,1666,26083101,22,846;849;852;855;858;861;864,16;18;21;23;30;50;169;181,8
PAP-H2,1666,26083101,23,867;870;873;876;879;882;885,17;20;52;64;67;70;71;99,8
PAP-H2,1666,26083101,24,1016;1019;1022;1025;1028;1031;1034,24;25;27;28;30;59;60;79,8
PAP-H2,1666,26083101,25,1037;1040;1043;1046;1049;1052;1055,17;22;24;29;74;79;106;189,8
PAP-H2,1666,26083101,26,1058;1061;1064;1067;1070;1073;1076,25;28;37;46;66;75;78;185,8
PAP-H2,1666,26083101,27,1079;1082;1085;1088;1091;1094;1097,24;26;27;31;172;184;189;191,8
PAP-H2,1666,26083101,28,1100;1103;1106;1109;1112;1115;1118,24;27;28;47;74;79;184;189,8
PAP-H2,1666,26083101,29,1121;1124;1127;1130;1133;1136;1139,25;27;28;30;66;181;185;190,8
PAP-H2,1666,26083101,30,1142;1145;1148;1151;1154;1157;1160,22;24;26;29;31;58;161;189,8
PAP-H2,1666,26083101,31,1163;1166;1169;1172;1175;1178;1181,25;28;60;72;75;78;79;107,8
PAP-H2,1666,26083101,32,1312;1315;1318;1321;1324;1327;1330,32;33;35;36;38;67;68;87,8
PAP-H2,1666,26083101,33,1333;1336;1339;1342;1345;1348;1351,5;32;37;41;46;82;87;114,8
PAP-H2,1666,26083101,34,1354;1357;1360;1363;1366;1369;1372,1;33;36;54;61;83;86;90,8
PAP-H2,1666,26083101,35,1375;1378;1381;1384;1387;1390;1393,0;5;7;32;34;35;39;180,8
PAP-H2,1666,26083101,36,1396;1399;1402;1405;1408;1411;1414,0;5;32;35;36;55;82;87,8
PAP-H2,1666,26083101,37,1417;1420;1423;1426;1429;1432;1435,1;6;13;33;35;36;38;90,8
PAP-H2,1666,26083101,38,1438;1441;1444;1447;1450;1453;1456,5;32;34;37;39;46;66;185,8
PAP-H2,1666,26083101,39,1459;1462;1465;1468;1471;1474;1477,33;36;68;80;83;86;87;115,8
PAP-H2,1666,26083101,40,1608;1611;1614;1617;1620;1623;1626,40;41;43;44;46;75;76;95,8
PAP-H2,1666,26083101,41,1629;1632;1635;1638;1641;1644;1647,13;33;38;40;45;90;95;122,8
PAP-H2,1666,26083101,42,1650;1653;1656;1659;1662;1665;1668,9;41;44;53;62;82;91;94,8
PAP-H2,1666,26083101,43,1671;1674;1677;1680;1683;1686;1689,8;13;15;40;42;43;47;188,8
PAP-H2,1666,26083101,44,1692;1695;1698;1701;1704;1707;1710,8;13;40;43;44;63;90;95,8
PAP-H2,1666,26083101,45,1713;1716;1719;1722;1725;1728;1731,5;9;14;41;43;44;46;82,8
PAP-H2,1666,26083101,46,1734;1737;1740;1743;1746;1749;1752,13;38;40;42;45;47;74;177,8
PAP-H2,1666,26083101,47,1755;1758;1761;1764;1767;1770;1773,41;44;76;88;91;94;95;123,8
PAP-H2,1666,26083101,48,1904;1907;1910;1913;1916;1919;1922,48;49;51;52;54;83;84;103,8
PAP-H2,1666,26083101,49,1925;1928;1931;1934;1937;1940;1943,21;48;53;57;62;98;103;130,8
PAP-H2,1666,26083101,50,1946;1949;1952;1955;1958;1961;1964,17;49;52;70;77;99;102;106,8
PAP-H2,1666,26083101,51,1967;1970;1973;1976;1979;1982;1985,4;16;21;23;48;50;51;55,8
PAP-H2,1666,26083101,52,1988;1991;1994;1997;2000;2003;2006,16;21;48;51;52;71;98;103,8
PAP-H2,1666,26083101,53,2009;2012;2015;2018;2021;2024;2027,17;22;29;49;51;52;54;106,8
PAP-H2,1666,26083101,54,2030;2033;2036;2039;2042;2045;2048,9;21;48;50;53;55;62;82,8
PAP-H2,1666,26083101,55,2051;2054;2057;2060;2063;2066;2069,49;52;84;96;99;102;103;131,8
PAP-H2,1666,26083101,56,2200;2203;2206;2209;2212;2215;2218,56;57;59;60;62;91;92;111,8
PAP-H2,1666,26083101,57,2221;2224;2227;2230;2233;2236;2239,29;49;54;56;61;106;111;138,8
PAP-H2,1666,26083101,58,2242;2245;2248;2251;2254;2257;2260,25;57;60;69;78;98;107;110,8
PAP-H2,1666,26083101,59,2263;2266;2269;2272;2275;2278;2281,12;24;29;31;56;58;59;63,8
PAP-H2,1666,26083101,60,2284;2287;2290;2293;2296;2299;2302,24;29;56;59;60;79;106;111,8
PAP-H2,1666,26083101,61,2305;2308;2311;2314;2317;2320;2323,21;25;30;57;59;60;62;98,8
PAP-H2,1666,26083101,62,2326;2329;2332;2335;2338;2341;2344,1;29;54;56;58;61;63;90,8
PAP-H2,1666,26083101,63,2347;2350;2353;2356;2359;2362;2365,57;60;92;104;107;110;111;139,8
PAP-H2,1666,26083101,64,2496;2499;2502;2505;2508;2511;2514,64;65;67;68;70;99;100;119,8
PAP-H2,1666,26083101,65,2517;2520;2523;2526;2529;2532;2535,37;64;69;73;78;114;119;146,8
PAP-H2,1666,26083101,66,2538;2541;2544;2547;2550;2553;2556,33;65;68;86;93;115;118;122,8
PAP-H2,1666,26083101,67,2559;2562;2565;2568;2571;2574;2577,20;32;37;39;64;66;67;71,8
PAP-H2,1666,26083101,68,2580;2583;2586;2589;2592;2595;2598,32;37;64;67;68;87;114;119,8
PAP-H2,1666,26083101,69,2601;2604;2607;2610;2613;2616;2619,33;38;45;65;67;68;70;122,8
PAP-H2,1666,26083101,70,2622;2625;2628;2631;2634;2637;2640,25;37;64;66;69;71;78;98,8
PAP-H2,1666,26083101,71,2643;2646;2649;2652;2655;2658;2661,65;68;100;112;115;118;119;147,8
PAP-H2,1666,26083101,72,2792;2795;2798;2801;2804;2807;2810,72;73;75;76;78;107;108;127,8
PAP-H2,1666,26083101,73,2813;2816;2819;2822;2825;2828;2831,45;65;70;72;77;122;127;154,8
PAP-H2,1666,26083101,74,2834;2837;2840;2843;2846;2849;2852,41;73;76;85;94;114;123;126,8
PAP-H2,1666,26083101,75,2855;2858;2861;2864;2867;2870;2873,28;40;45;47;72;74;75;79,8
PAP-H2,1666,26083101,76,2876;2879;2882;2885;2888;2891;2894,40;45;72;75;76;95;122;127,8
PAP-H2,1666,26083101,77,2897;2900;2903;2906;2909;2912;2915,37;41;46;73;75;76;78;114,8
PAP-H2,1666,26083101,78,2918;2921;2924;2927;2930;2933;2936,17;45;70;72;74;77;79;106,8
PAP-H2,1666,26083101,79,2939;2942;2945;2948;2951;2954;2957,73;76;108;120;123;126;127;155,8
PAP-H2,1666,26083101,80,3088;3091;3094;3097;3100;3103;3106,80;81;83;84;86;115;116;135,8
PAP-H2,1666,26083101,81,3109;3112;3115;3118;3121;3124;3127,53;80;85;89;94;130;135;162,8
PAP-H2,1666,26083101,82,3130;3133;3136;3139;3142;3145;3148,49;81;84;102;109;131;134;138,8
PAP-H2,1666,26083101,83,3151;3154;3157;3160;3163;3166;3169,36;48;53;55;80;82;83;87,8
PAP-H2,1666,26083101,84,3172;3175;3178;3181;3184;3187;3190,48;53;80;83;84;103;130;135,8
PAP-H2,1666,26083101,85,3193;3196;3199;3202;3205;3208;3211,49;54;61;81;83;84;86;138,8
PAP-H2,1666,26083101,86,3214;3217;3220;3223;3226;3229;3232,41;53;80;82;85;87;94;114,8
PAP-H2,1666,26083101,87,3235;3238;3241;3244;3247;3250;3253,81;84;116;128;131;134;135;163,8
PAP-H2,1666,26083101,88,3384;3387;3390;3393;3396;3399;3402,88;89;91;92;94;123;124;143,8
PAP-H2,1666,26083101,89,3405;3408;3411;3414;3417;3420;3423,61;81;86;88;93;138;143;170,8
PAP-H2,1666,26083101,90,3426;3429;3432;3435;3438;3441;3444,57;89;92;101;110;130;139;142,8
PAP-H2,1666,26083101,91,3447;3450;3453;3456;3459;3462;3465,44;56;61;63;88;90;91;95,8
PAP-H2,1666,26083101,92,3468;3471;3474;3477;3480;3483;3486,56;61;88;91;92;111;138;143,8
PAP-H2,1666,26083101,93,3489;3492;3495;3498;3501;3504;3507,53;57;62;89;91;92;94;130,8
PAP-H2,1666,26083101,94,3510;3513;3516;3519;3522;3525;3528,33;61;86;88;90;93;95;122,8
PAP-H2,1666,26083101,95,3531;3534;3537;3540;3543;3546;3549,89;92;124;136;139;142;143;171,8
PAP-H2,1666,26083101,96,3680;3683;3686;3689;3692;3695;3698,96;97;99;100;102;131;132;151,8
PAP-H2,1666,26083101,97,3701;3704;3707;3710;3713;3716;3719,69;96;101;105;110;146;151;178,8
PAP-H2,1666,26083101,98,3722;3725;3728;3731;3734;3737;3740,65;97;100;118;125;147;150;154,8
PAP-H2,1666,26083101,99,3743;3746;3749;3752;3755;3758;3761,52;64;69;71;96;98;99;103,8
PAP-H2,1666,26083101,100,3764;3767;3770;3773;3776;3779;3782,64;69;96;99;100;119;146;151,8
PAP-H2,1666,26083101,101,3785;3788;3791;3794;3797;3800;3803,65;70;77;97;99;100;102;154,8
PAP-H2,1666,26083101,102,3806;3809;3812;3815;3818;3821;3824,57;69;96;98;101;103;110;130,8
PAP-H2,1666,26083101,103,3827;3830;3833;3836;3839;3842;3845,97;100;132;144;147;150;151;179,8
PAP-H2,1666,26083101,104,3976;3979;3982;3985;3988;3991;3994,104;105;107;108;110;139;140;159,8
PAP-H2,1666,26083101,105,3997;4000;4003;4006;4009;4012;4015,77;97;102;104;109;154;159;186,8
PAP-H2,1666,26083101,106,4018;4021;4024;4027;4030;4033;4036,73;105;108;117;126;146;155;158,8
PAP-H2,1666,26083101,107,4039;4042;4045;4048;4051;4054;4057,60;72;77;79;104;106;107;111,8
PAP-H2,1666,26083101,108,4060;4063;4066;4069;4072;4075;4078,72;77;104;107;108;127;154;159,8
PAP-H2,1666,26083101,109,4081;4084;4087;4090;4093;4096;4099,69;73;78;105;107;108;110;146,8
PAP-H2,1666,26083101,110,4102;4105;4108;4111;4114;4117;4120,49;77;102;104;106;109;111;138,8
PAP-H2,1666,26083101,111,4123;4126;4129;4132;4135;4138;4141,105;108;140;152;155;158;159;187,8
PAP-H2,1666,26083101,112,4272;4275;4278;4281;4284;4287;4290,112;113;115;116;118;147;148;167,8
PAP-H2,1666,26083101,113,4293;4296;4299;4302;4305;4308;4311,2;85;112;117;121;126;162;167,8
PAP-H2,1666,26083101,114,4314;4317;4320;4323;4326;4329;4332,81;113;116;134;141;163;166;170,8
PAP-H2,1666,26083101,115,4335;4338;4341;4344;4347;4350;4353,68;80;85;87;112;114;115;119,8
PAP-H2,1666,26083101,116,4356;4359;4362;4365;4368;4371;4374,80;85;112;115;116;135;162;167,8
PAP-H2,1666,26083101,117,4377;4380;4383;4386;4389;4392;4395,81;86;93;113;115;116;118;170,8
PAP-H2,1666,26083101,118,4398;4401;4404;4407;4410;4413;4416,73;85;112;114;117;119;126;146,8
PAP-H2,1666,26083101,119,4419;4422;4425;4428;4431;4434;4437,3;113;116;148;160;163;166;167,8
PAP-H2,1666,26083101,120,4568;4571;4574;4577;4580;4583;4586,120;121;123;124;126;155;156;175,8
PAP-H2,1666,26083101,121,4589;4592;4595;4598;4601;4604;4607,10;93;113;118;120;125;170;175,8
PAP-H2,1666,26083101,122,4610;4613;4616;4619;4622;4625;4628,89;121;124;133;142;162;171;174,8
PAP-H2,1666,26083101,123,4631;4634;4637;4640;4643;4646;4649,76;88;93;95;120;122;123;127,8
PAP-H2,1666,26083101,124,4652;4655;4658;4661;4664;4667;4670,88;93;120;123;124;143;170;175,8
PAP-H2,1666,26083101,125,4673;4676;4679;4682;4685;4688;4691,85;89;94;121;123;124;126;162,8
PAP-H2,1666,26083101,126,4694;4697;4700;4703;4706;4709;4712,65;93;118;120;122;125;127;154,8
PAP-H2,1666,26083101,127,4715;4718;4721;4724;4727;4730;4733,11;121;124;156;168;171;174;175,8
PAP-H2,1666,26083101,128,4864;4867;4870;4873;4876;4879;4882,128;129;131;132;134;163;164;183,8
PAP-H2,1666,26083101,129,4885;4888;4891;4894;4897;4900;4903,18;101;128;133;137;142;178;183,8
PAP-H2,1666,26083101,130,4906;4909;4912;4915;4918;4921;4924,97;129;132;150;157;179;182;186,8
PAP-H2,1666,26083101,131,4927;4930;4933;4936;4939;4942;4945,84;96;101;103;128;130;131;135,8
PAP-H2,1666,26083101,132,4948;4951;4954;4957;4960;4963;4966,96;101;128;131;132;151;178;183,8
PAP-H2,1666,26083101,133,4969;4972;4975;4978;4981;4984;4987,97;102;109;129;131;132;134;186,8
PAP-H2,1666,26083101,134,4990;4993;4996;4999;5002;5005;5008,89;101;128;130;133;135;142;162,8
PAP-H2,1666,26083101,135,5011;5014;5017;5020;5023;5026;5029,19;129;132;164;176;179;182;183,8
PAP-H2,1666,26083101,136,5160;5163;5166;5169;5172;5175;5178,136;137;139;140;142;171;172;191,8
PAP-H2,1666,26083101,137,5181;5184;5187;5190;5193;5196;5199,26;109;129;134;136;141;186;191,8
PAP-H2,1666,26083101,138,5202;5205;5208;5211;5214;5217;5220,105;137;140;149;158;178;187;190,8
PAP-H2,1666,26083101,139,5223;5226;5229;5232;5235;5238;5241,92;104;109;111;136;138;139;143,8
PAP-H2,1666,26083101,140,5244;5247;5250;5253;5256;5259;5262,104;109;136;139;140;159;186;191,8
PAP-H2,1666,26083101,141,5265;5268;5271;5274;5277;5280;5283,101;105;110;137;139;140;142;178,8
PAP-H2,1666,26083101,142,5286;5289;5292;5295;5298;5301;5304,81;109;134;136;138;141;143;170,8
PAP-H2,1666,26083101,143,5307;5310;5313;5316;5319;5322;5325,27;137;140;172;184;187;190;191,8
PAP-H2,1666,26083101,144,5456;5459;5462;5465;5468;5471;5474,7;144;145;147;148;150;179;180,8
PAP-H2,1666,26083101,145,5477;5480;5483;5486;5489;5492;5495,2;7;34;117;144;149;153;158,8
PAP-H2,1666,26083101,146,5498;5501;5504;5507;5510;5513;5516,3;6;10;113;145;148;166;173,8
PAP-H2,1666,26083101,147,5519;5522;5525;5528;5531;5534;5537,100;112;117;119;144;146;147;151,8
PAP-H2,1666,26083101,148,5540;5543;5546;5549;5552;5555;5558,2;7;112;117;144;147;148;167,8
PAP-H2,1666,26083101,149,5561;5564;5567;5570;5573;5576;5579,10;113;118;125;145;147;148;150,8
PAP-H2,1666,26083101,150,5582;5585;5588;5591;5594;5597;5600,105;117;144;146;149;151;158;178,8
PAP-H2,1666,26083101,151,5603;5606;5609;5612;5615;5618;5621,0;3;6;7;35;145;148;180,8
PAP-H2,1666,26083101,152,5752;5755;5758;5761;5764;5767;5770,15;152;153;155;156;158;187;188,8
PAP-H2,1666,26083101,153,5773;5776;5779;5782;5785;5788;5791,10;15;42;125;145;150;152;157,8
PAP-H2,1666,26083101,154,5794;5797;5800;5803;5806;5809;5812,2;11;14;121;153;156;165;174,8
PAP-H2,1666,26083101,155,5815;5818;5821;5824;5827;5830;5833,108;120;125;127;152;154;155;159,8
PAP-H2,1666,26083101,156,5836;5839;5842;5845;5848;5851;5854,10;15;120;125;152;155;156;175,8
PAP-H2,1666,26083101,157,5857;5860;5863;5866;5869;5872;5875,2;117;121;126;153;155;156;158,8
PAP-H2,1666,26083101,158,5878;5881;5884;5887;5890;5893;5896,97;125;150;152;154;157;159;186,8
PAP-H2,1666,26083101,159,5899;5902;5905;5908;5911;5914;5917,8;11;14;15;43;153;156;188,8
PAP-H2,1666,26083101,160,6048;6051;6054;6057;6060;6063;6066,3;4;23;160;161;163;164;166,8
PAP-H2,1666,26083101,161,6069;6072;6075;6078;6081;6084;6087,18;23;50;133;160;165;169;174,8
PAP-H2,1666,26083101,162,6090;6093;6096;6099;6102;6105;6108,19;22;26;129;161;164;182;189,8
PAP-H2,1666,26083101,163,6111;6114;6117;6120;6123;6126;6129,116;128;133;135;160;162;163;167,8
PAP-H2,1666,26083101,164,6132;6135;6138;6141;6144;6147;6150,18;23;128;133;160;163;164;183,8
PAP-H2,1666,26083101,165,6153;6156;6159;6162;6165;6168;6171,26;129;134;141;161;163;164;166,8
PAP-H2,1666,26083101,166,6174;6177;6180;6183;6186;6189;6192,2;121;133;160;162;165;167;174,8
PAP-H2,1666,26083101,167,6195;6198;6201;6204;6207;6210;6213,4;16;19;22;23;51;161;164,8
PAP-H2,1666,26083101,168,6344;6347;6350;6353;6356;6359;6362,11;12;31;168;169;171;172;174,8
PAP-H2,1666,26083101,169,6365;6368;6371;6374;6377;6380;6383,26;31;58;141;161;166;168;173,8
PAP-H2,1666,26083101,170,6386;6389;6392;6395;6398;6401;6404,18;27;30;137;169;172;181;190,8
PAP-H2,1666,26083101,171,6407;6410;6413;6416;6419;6422;6425,124;136;141;143;168;170;171;175,8
PAP-H2,1666,26083101,172,6428;6431;6434;6437;6440;6443;6446,26;31;136;141;168;171;172;191,8
PAP-H2,1666,26083101,173,6449;6452;6455;6458;6461;6464;6467,18;133;137;142;169;171;172;174,8
PAP-H2,1666,26083101,174,6470;6473;6476;6479;6482;6485;6488,10;113;141;166;168;170;173;175,8
PAP-H2,1666,26083101,175,6491;6494;6497;6500;6503;6506;6509,12;24;27;30;31;59;169;172,8
PAP-H2,1666,26083101,176,6640;6643;6646;6649;6652;6655;6658,19;20;39;176;177;179;180;182,8
PAP-H2,1666,26083101,177,6661;6664;6667;6670;6673;6676;6679,34;39;66;149;176;181;185;190,8
PAP-H2,1666,26083101,178,6682;6685;6688;6691;6694;6697;6700,6;13;35;38;42;145;177;180,8
PAP-H2,1666,26083101,179,6703;6706;6709;6712;6715;6718;6721,132;144;149;151;176;178;179;183,8
PAP-H2,1666,26083101,180,6724;6727;6730;6733;6736;6739;6742,7;34;39;144;149;176;179;180,8
PAP-H2,1666,26083101,181,6745;6748;6751;6754;6757;6760;6763,42;145;150;157;177;179;180;182,8
PAP-H2,1666,26083101,182,6766;6769;6772;6775;6778;6781;6784,18;137;149;176;178;181;183;190,8
PAP-H2,1666,26083101,183,6787;6790;6793;6796;6799;6802;6805,20;32;35;38;39;67;177;180,8
PAP-H2,1666,26083101,184,6936;6939;6942;6945;6948;6951;6954,27;28;47;184;185;187;188;190,8
PAP-H2,1666,26083101,185,6957;6960;6963;6966;6969;6972;6975,42;47;74;157;177;182;184;189,8
PAP-H2,1666,26083101,186,6978;6981;6984;6987;6990;6993;6996,5;14;34;43;46;153;185;188,8
PAP-H2,1666,26083101,187,6999;7002;7005;7008;7011;7014;7017,140;152;157;159;184;186;187;191,8
PAP-H2,1666,26083101,188,7020;7023;7026;7029;7032;7035;7038,15;42;47;152;157;184;187;188,8
PAP-H2,1666,26083101,189,7041;7044;7047;7050;7053;7056;7059,34;149;153;158;185;187;188;190,8
PAP-H2,1666,26083101,190,7062;7065;7068;7071;7074;7077;7080,26;129;157;182;184;186;189;191,8
PAP-H2,1666,26083101,191,7083;7086;7089;7092;7095;7098;7101,28;40;43;46;47;75;185;188,8
PAP-H2,1666,26083102,0,128;131;134;137;140;143;146,0;1;3;4;6;35;36;55,8
PAP-H2,1666,26083102,1,149;152;155;158;161;164;167,0;5;9;14;50;55;82;165,8
PAP-H2,1666,26083102,2,170;173;176;179;182;185;188,1;4;22;29;51;54;58;161,8
PAP-H2,1666,26083102,3,191;194;197;200;203;206;209,0;2;3;7;148;160;165;167,8
PAP-H2,1666,26083102,4,212;215;218;221;224;227;230,0;3;4;23;50;55;160;165,8
PAP-H2,1666,26083102,5,233;236;239;242;245;248;251,1;3;4;6;58;161;166;173,8
PAP-H2,1666,26083102,6,254;257;260;263;266;269;272,0;2;5;7;14;34;153;165,8
PAP-H2,1666,26083102,7,275;278;281;284;287;290;293,1;4;36;48;51;54;55;83,8
PAP-H2,1666,26083102,8,424;427;430;433;436;439;442,8;9;11;12;14;43;44;63,8
PAP-H2,1666,26083102,9,445;448;451;454;457;460;463,1;6;8;13;58;63;90;173,8
PAP-H2,1666,26083102,10,466;469;472;475;478;481;484,9;12;21;30;50;59;62;169,8
PAP-H2,1666,26083102,11,487;490;493;496;499;502;505,8;10;11;15;156;168;173;175,8
PAP-H2,1666,26083102,12,508;511;514;517;520;523;526,8;11;12;31;58;63;168;173,8
PAP-H2,1666,26083102,13,529;532;535;538;541;544;547,9;11;12;14;50;165;169;174,8
PAP-H2,1666,26083102,14,550;553;556;559;562;565;568,6;8;10;13;15;42;145;173,8
PAP-H2,1666,26083102,15,571;574;577;580;583;586;589,9;12;44;56;59;62;63;91,8
PAP-H2,1666,26083102,16,720;723;726;729;732;735;738,16;17;19;20;22;51;52;71,8
PAP-H2,1666,26083102,17,741;744;747;750;753;756;759,16;21;25;30;66;71;98;181,8
PAP-H2,1666,26083102,18,762;765;768;771;774;777;780,17;20;38;45;67;70;74;177,8
PAP-H2,1666,26083102,19,783;786;789;792;795;798;801,16;18;19;23;164;176;181;183,8
PAP-H2,1666,26083102,20,804;807;810;813;816;819;822,16;19;20;39;66;71;176;181,8
PAP-H2,1666,26083102,21,825;828;831;834;837;840;843,17;19;20;22;74;177;182;189,8
PAP-H2,1666,26083102,22,846;849;852;855;858;861;864,16;18;21;23;30;50;169;181,8
PAP-H2,1666,26083102,23,867;870;873;876;879;882;885,17;20;52;64;67;70;71;99,8
PAP-H2,1666,26083102,24,1016;1019;1022;1025;1028;1031;1034,24;25;27;28;30;59;60;79,8
PAP-H2,1666,26083102,25,1037;1040;1043;1046;1049;1052;1055,17;22;24;29;74;79;106;189,8
PAP-H2,1666,26083102,26,1058;1061;1064;1067;1070;1073;1076,25;28;37;46;66;75;78;185,8
PAP-H2,1666,26083102,27,1079;1082;1085;1088;1091;1094;1097,24;26;27;31;172;184;189;191,8
PAP-H2,1666,26083102,28,1100;1103;1106;1109;1112;1115;1118,24;27;28;47;74;79;184;189,8
PAP-H2,1666,26083102,29,1121;1124;1127;1130;1133;1136;1139,25;27;28;30;66;181;185;190,8
PAP-H2,1666,26083102,30,1142;1145;1148;1151;1154;1157;1160,22;24;26;29;31;58;161;189,8
PAP-H2,1666,26083102,31,1163;1166;1169;1172;1175;1178;1181,25;28;60;72;75;78;79;107,8
PAP-H2,1666,26083102,32,1312;1315;1318;1321;1324;1327;1330,32;33;35;36;38;67;68;87,8
PAP-H2,1666,26083102,33,1333;1336;1339;1342;1345;1348;1351,5;32;37;41;46;82;87;114,8
PAP-H2,1666,26083102,34,1354;1357;1360;1363;1366;1369;1372,1;33;36;54;61;83;86;90,8
PAP-H2,1666,26083102,35,1375;1378;1381;1384;1387;1390;1393,0;5;7;32;34;35;39;180,8
PAP-H2,1666,26083102,36,1396;1399;1402;1405;1408;1411;1414,0;5;32;35;36;55;82;87,8
PAP-H2,1666,26083102,37,1417;1420;1423;1426;1429;1432;1435,1;6;13;33;35;36;38;90,8
PAP-H2,1666,26083102,38,1438;1441;1444;1447;1450;1453;1456,5;32;34;37;39;46;66;185,8
PAP-H2,1666,26083102,39,1459;1462;1465;1468;1471;1474;1477,33;36;68;80;83;86;87;115,8
PAP-H2,1666,26083102,40,1608;1611;1614;1617;1620;1623;1626,40;41;43;44;46;75;76;95,8
PAP-H2,1666,26083102,41,1629;1632;1635;1638;1641;1644;1647,13;33;38;40;45;90;95;122,8
PAP-H2,1666,26083102,42,1650;1653;1656;1659;1662;1665;1668,9;41;44;53;62;82;91;94,8
PAP-H2,1666,26083102,43,1671;1674;1677;1680;1683;1686;1689,8;13;15;40;42;43;47;188,8
PAP-H2,1666,26083102,44,1692;1695;1698;1701;1704;1707;1710,8;13;40;43;44;63;90;95,8
PAP-H2,1666,26083102,45,1713;1716;1719;1722;1725;1728;1731,5;9;14;41;43;44;46;82,8
PAP-H2,1666,26083102,46,1734;1737;1740;1743;1746;1749;1752,13;38;40;42;45;47;74;177,8
PAP-H2,1666,26083102,47,1755;1758;1761;1764;1767;1770;1773,41;44;76;88;91;94;95;123,8
PAP-H2,1666,26083102,48,1904;1907;1910;1913;1916;1919;1922,48;49;51;52;54;83;84;103,8
PAP-H2,1666,26083102,49,1925;1928;1931;1934;1937;1940;1943,21;48;53;57;62;98;103;130,8
PAP-H2,1666,26083102,50,1946;1949;1952;1955;1958;1961;1964,17;49;52;70;77;99;102;106,8
PAP-H2,1666,26083102,51,1967;1970;1973;1976;1979;1982;1985,4;16;21;23;48;50;51;55,8
PAP-H2,1666,26083102,52,1988;1991;1994;1997;2000;2003;2006,16;21;48;51;52;71;98;103,8
PAP-H2,1666,26083102,53,2009;2012;2015;2018;2021;2024;2027,17;22;29;49;51;52;54;106,8
PAP-H2,1666,26083102,54,2030;2033;2036;2039;2042;2045;2048,9;21;48;50;53;55;62;82,8
PAP-H2,1666,26083102,55,2051;2054;2057;2060;2063;2066;2069,49;52;84;96;99;102;103;131,8
PAP-H2,1666,26083102,56,2200;2203;2206;2209;2212;2215;2218,56;57;59;60;62;91;92;111,8
PAP-H2,1666,26083102,57,2221;2224;2227;2230;2233;2236;2239,29;49;54;56;61;106;111;138,8
PAP-H2,1666,26083102,58,2242;2245;2248;2251;2254;2257;2260,25;57;60;69;78;98;107;110,8
PAP-H2,1666,26083102,59,2263;2266;2269;2272;2275;2278;2281,12;24;29;31;56;58;59;63,8
PAP-H2,1666,26083102,60,2284;2287;2290;2293;2296;2299;2302,24;29;56;59;60;79;106;111,8
PAP-H2,1666,26083102,61,2305;2308;2311;2314;2317;2320;2323,21;25;30;57;59;60;62;98,8
PAP-H2,1666,26083102,62,2326;2329;2332;2335;2338;2341;2344,1;29;54;56;58;61;63;90,8
PAP-H2,1666,26083102,63,2347;2350;2353;2356;2359;2362;2365,57;60;92;104;107;110;111;139,8
PAP-H2,1666,26083102,64,2496;2499;2502;2505;2508;2511;2514,64;65;67;68;70;99;100;119,8
PAP-H2,1666,26083102,65,2517;2520;2523;2526;2529;2532;2535,37;64;69;73;78;114;119;146,8
PAP-H2,1666,26083102,66,2538;2541;2544;2547;2550;2553;2556,33;65;68;86;93;115;118;122,8
PAP-H2,1666,26083102,67,2559;2562;2565;2568;2571;2574;2577,20;32;37;39;64;66;67;71,8
PAP-H2,1666,26083102,68,2580;2583;2586;2589;2592;2595;2598,32;37;64;67;68;87;114;119,8
PAP-H2,1666,26083102,69,2601;2604;2607;2610;2613;2616;2619,33;38;45;65;67;68;70;122,8
PAP-H2,1666,26083102,70,2622;2625;2628;2631;2634;2637;2640,25;37;64;66;69;71;78;98,8
PAP-H2,1666,26083102,71,2643;2646;2649;2652;2655;2658;2661,65;68;100;112;115;118;119;147,8
PAP-H2,1666,26083102,72,2792;2795;2798;2801;2804;2807;2810,72;73;75;76;78;107;108;127,8
PAP-H2,1666,26083102,73,2813;2816;2819;2822;2825;2828;2831,45;65;70;72;77;122;127;154,8
PAP-H2,1666,26083102,74,2834;2837;2840;2843;2846;2849;2852,41;73;76;85;94;114;123;126,8
PAP-H2,1666,26083102,75,2855;2858;2861;2864;2867;2870;2873,28;40;45;47;72;74;75;79,8
PAP-H2,1666,26083102,76,2876;2879;2882;2885;2888;2891;2894,40;45;72;75;76;95;122;127,8
PAP-H2,1666,26083102,77,2897;2900;2903;2906;2909;2912;2915,37;41;46;73;75;76;78;114,8
PAP-H2,1666,26083102,78,2918;2921;2924;2927;2930;2933;2936,17;45;70;72;74;77;79;106,8
PAP-H2,1666,26083102,79,2939;2942;2945;2948;2951;2954;2957,73;76;108;120;123;126;127;155,8
PAP-H2,1666,26083102,80,3088;3091;3094;3097;3100;3103;3106,80;81;83;84;86;115;116;135,8
PAP-H2,1666,26083102,81,3109;3112;3115;3118;3121;3124;3127,53;80;85;89;94;130;135;162,8
PAP-H2,1666,26083102,82,3130;3133;3136;3139;3142;3145;3148,49;81;84;102;109;131;134;138,8
PAP-H2,1666,26083102,83,3151;3154;3157;3160;3163;3166;3169,36;48;53;55;80;82;83;87,8
PAP-H2,1666,26083102,84,3172;3175;3178;3181;3184;3187;3190,48;53;80;83;84;103;130;135,8
PAP-H2,1666,26083102,85,3193;3196;3199;3202;3205;3208;3211,49;54;61;81;83;84;86;138,8
PAP-H2,1666,26083102,86,3214;3217;3220;3223;3226;3229;3232,41;53;80;82;85;87;94;114,8
PAP-H2,1666,26083102,87,3235;3238;3241;3244;3247;3250;3253,81;84;116;128;131;134;135;163,8
PAP-H2,1666,26083102,88,3384;3387;3390;3393;3396;3399;3402,88;89;91;92;94;123;124;143,8
PAP-H2,1666,26083102,89,3405;3408;3411;3414;3417;3420;3423,61;81;86;88;93;138;143;170,8
PAP-H2,1666,26083102,90,3426;3429;3432;3435;3438;3441;3444,57;89;92;101;110;130;139;142,8
PAP-H2,1666,26083102,91,3447;3450;3453;3456;3459;3462;3465,44;56;61;63;88;90;91;95,8
PAP-H2,1666,26083102,92,3468;3471;3474;3477;3480;3483;3486,56;61;88;91;92;111;138;143,8
PAP-H2,1666,26083102,93,3489;3492;3495;3498;3501;3504;3507,53;57;62;89;91;92;94;130,8
PAP-H2,1666,26083102,94,3510;3513;3516;3519;3522;3525;3528,33;61;86;88;90;93;95;122,8
PAP-H2,1666,26083102,95,3531;3534;3537;3540;3543;3546;3549,89;92;124;136;139;142;143;171,8
PAP-H2,1666,26083102,96,3680;3683;3686;3689;3692;3695;3698,96;97;99;100;102;131;132;151,8
PAP-H2,1666,26083102,97,3701;3704;3707;3710;3713;3716;3719,69;96;101;105;110;146;151;178,8
PAP-H2,1666,26083102,98,3722;3725;3728;3731;3734;3737;3740,65;97;100;118;125;147;150;154,8
PAP-H2,1666,26083102,99,3743;3746;3749;3752;3755;3758;3761,52;64;69;71;96;98;99;103,8
PAP-H2,1666,26083102,100,3764;3767;3770;3773;3776;3779;3782,64;69;96;99;100;119;146;151,8
PAP-H2,1666,26083102,101,3785;3788;3791;3794;3797;3800;3803,65;70;77;97;99;100;102;154,8
PAP-H2,1666,26083102,102,3806;3809;3812;3815;3818;3821;3824,57;69;96;98;101;103;110;130,8
PAP-H2,1666,26083102,103,3827;3830;3833;3836;3839;3842;3845,97;100;132;144;147;150;151;179,8
PAP-H2,1666,26083102,104,3976;3979;3982;3985;3988;3991;3994,104;105;107;108;110;139;140;159,8
PAP-H2,1666,26083102,105,3997;4000;4003;4006;4009;4012;4015,77;97;102;104;109;154;159;186,8
PAP-H2,1666,26083102,106,4018;4021;4024;4027;4030;4033;4036,73;105;108;117;126;146;155;158,8
PAP-H2,1666,26083102,107,4039;4042;4045;4048;4051;4054;4057,60;72;77;79;104;106;107;111,8
PAP-H2,1666,26083102,108,4060;4063;4066;4069;4072;4075;4078,72;77;104;107;108;127;154;159,8
PAP-H2,1666,26083102,109,4081;4084;4087;4090;4093;4096;4099,69;73;78;105;107;108;110;146,8
PAP-H2,1666,26083102,110,4102;4105;4108;4111;4114;4117;4120,49;77;102;104;106;109;111;138,8
PAP-H2,1666,26083102,111,4123;4126;4129;4132;4135;4138;4141,105;108;140;152;155;158;159;187,8
PAP-H2,1666,26083102,112,4272;4275;4278;4281;4284;4287;4290,112;113;115;116;118;147;148;167,8
PAP-H2,1666,26083102,113,4293;4296;4299;4302;4305;4308;4311,2;85;112;117;121;126;162;167,8
PAP-H2,1666,26083102,114,4314;4317;4320;4323;4326;4329;4332,81;113;116;134;141;163;166;170,8
PAP-H2,1666,26083102,115,4335;4338;4341;4344;4347;4350;4353,68;80;85;87;112;114;115;119,8
PAP-H2,1666,26083102,116,4356;4359;4362;4365;4368;4371;4374,80;85;112;115;116;135;162;167,8
PAP-H2,1666,26083102,117,4377;4380;4383;4386;4389;4392;4395,81;86;93;113;115;116;118;170,8
PAP-H2,1666,26083102,118,4398;4401;4404;4407;4410;4413;4416,73;85;112;114;117;119;126;146,8
PAP-H2,1666,26083102,119,4419;4422;4425;4428;4431;4434;4437,3;113;116;148;160;163;166;167,8
PAP-H2,1666,26083102,120,4568;4571;4574;4577;4580;4583;4586,120;121;123;124;126;155;156;175,8
PAP-H2,1666,26083102,121,4589;4592;4595;4598;4601;4604;4607,10;93;113;118;120;125;170;175,8
PAP-H2,1666,26083102,122,4610;4613;4616;4619;4622;4625;4628,89;121;124;133;142;162;171;174,8
PAP-H2,1666,26083102,123,4631;4634;4637;4640;4643;4646;4649,76;88;93;95;120;122;123;127,8
PAP-H2,1666,26083102,124,4652;4655;4658;4661;4664;4667;4670,88;93;120;123;124;143;170;175,8
PAP-H2,1666,26083102,125,4673;4676;4679;4682;4685;4688;4691,85;89;94;121;123;124;126;162,8
PAP-H2,1666,26083102,126,4694;4697;4700;4703;4706;4709;4712,65;93;118;120;122;125;127;154,8
PAP-H2,1666,26083102,127,4715;4718;4721;4724;4727;4730;4733,11;121;124;156;168;171;174;175,8
PAP-H2,1666,26083102,128,4864;4867;4870;4873;4876;4879;4882,128;129;131;132;134;163;164;183,8
PAP-H2,1666,26083102,129,4885;4888;4891;4894;4897;4900;4903,18;101;128;133;137;142;178;183,8
PAP-H2,1666,26083102,130,4906;4909;4912;4915;4918;4921;4924,97;129;132;150;157;179;182;186,8
PAP-H2,1666,26083102,131,4927;4930;4933;4936;4939;4942;4945,84;96;101;103;128;130;131;135,8
PAP-H2,1666,26083102,132,4948;4951;4954;4957;4960;4963;4966,96;101;128;131;132;151;178;183,8
PAP-H2,1666,26083102,133,4969;4972;4975;4978;4981;4984;4987,97;102;109;129;131;132;134;186,8
PAP-H2,1666,26083102,134,4990;4993;4996;4999;5002;5005;5008,89;101;128;130;133;135;142;162,8
PAP-H2,1666,26083102,135,5011;5014;5017;5020;5023;5026;5029,19;129;132;164;176;179;182;183,8
PAP-H2,1666,26083102,136,5160;5163;5166;5169;5172;5175;5178,136;137;139;140;142;171;172;191,8
PAP-H2,1666,26083102,137,5181;5184;5187;5190;5193;5196;5199,26;109;129;134;136;141;186;191,8
PAP-H2,1666,26083102,138,5202;5205;5208;5211;5214;5217;5220,105;137;140;149;158;178;187;190,8
PAP-H2,1666,26083102,139,5223;5226;5229;5232;5235;5238;5241,92;104;109;111;136;138;139;143,8
PAP-H2,1666,26083102,140,5244;5247;5250;5253;5256;5259;5262,104;109;136;139;140;159;186;191,8
PAP-H2,1666,26083102,141,5265;5268;5271;5274;5277;5280;5283,101;105;110;137;139;140;142;178,8
PAP-H2,1666,26083102,142,5286;5289;5292;5295;5298;5301;5304,81;109;134;136;138;141;143;170,8
PAP-H2,1666,26083102,143,5307;5310;5313;5316;5319;5322;5325,27;137;140;172;184;187;190;191,8
PAP-H2,1666,26083102,144,5456;5459;5462;5465;5468;5471;5474,7;144;145;147;148;150;179;180,8
PAP-H2,1666,26083102,145,5477;5480;5483;5486;5489;5492;5495,2;7;34;117;144;149;153;158,8
PAP-H2,1666,26083102,146,5498;5501;5504;5507;5510;5513;5516,3;6;10;113;145;148;166;173,8
PAP-H2,1666,26083102,147,5519;5522;5525;5528;5531;5534;5537,100;112;117;119;144;146;147;151,8
PAP-H2,1666,26083102,148,5540;5543;5546;5549;5552;5555;5558,2;7;112;117;144;147;148;167,8
PAP-H2,1666,26083102,149,5561;5564;5567;5570;5573;5576;5579,10;113;118;125;145;147;148;150,8
PAP-H2,1666,26083102,150,5582;5585;5588;5591;5594;5597;5600,105;117;144;146;149;151;158;178,8
PAP-H2,1666,26083102,151,5603;5606;5609;5612;5615;5618;5621,0;3;6;7;35;145;148;180,8
PAP-H2,1666,26083102,152,5752;5755;5758;5761;5764;5767;5770,15;152;153;155;156;158;187;188,8
PAP-H2,1666,26083102,153,5773;5776;5779;5782;5785;5788;5791,10;15;42;125;145;150;152;157,8
PAP-H2,1666,26083102,154,5794;5797;5800;5803;5806;5809;5812,2;11;14;121;153;156;165;174,8
PAP-H2,1666,26083102,155,5815;5818;5821;5824;5827;5830;5833,108;120;125;127;152;154;155;159,8
PAP-H2,1666,26083102,156,5836;5839;5842;5845;5848;5851;5854,10;15;120;125;152;155;156;175,8
PAP-H2,1666,26083102,157,5857;5860;5863;5866;5869;5872;5875,2;117;121;126;153;155;156;158,8
PAP-H2,1666,26083102,158,5878;5881;5884;5887;5890;5893;5896,97;125;150;152;154;157;159;186,8
PAP-H2,1666,26083102,159,5899;5902;5905;5908;5911;5914;5917,8;11;14;15;43;153;156;188,8
PAP-H2,1666,26083102,160,6048;6051;6054;6057;6060;6063;6066,3;4;23;160;161;163;164;166,8
PAP-H2,1666,26083102,161,6069;6072;6075;6078;6081;6084;6087,18;23;50;133;160;165;169;174,8
PAP-H2,1666,26083102,162,6090;6093;6096;6099;6102;6105;6108,19;22;26;129;161;164;182;189,8
PAP-H2,1666,26083102,163,6111;6114;6117;6120;6123;6126;6129,116;128;133;135;160;162;163;167,8
PAP-H2,1666,26083102,164,6132;6135;6138;6141;6144;6147;6150,18;23;128;133;160;163;164;183,8
PAP-H2,1666,26083102,165,6153;6156;6159;6162;6165;6168;6171,26;129;134;141;161;163;164;166,8
PAP-H2,1666,26083102,166,6174;6177;6180;6183;6186;6189;6192,2;121;133;160;162;165;167;174,8
PAP-H2,1666,26083102,167,6195;6198;6201;6204;6207;6210;6213,4;16;19;22;23;51;161;164,8
PAP-H2,1666,26083102,168,6344;6347;6350;6353;6356;6359;6362,11;12;31;168;169;171;172;174,8
PAP-H2,1666,26083102,169,6365;6368;6371;6374;6377;6380;6383,26;31;58;141;161;166;168;173,8
PAP-H2,1666,26083102,170,6386;6389;6392;6395;6398;6401;6404,18;27;30;137;169;172;181;190,8
PAP-H2,1666,26083102,171,6407;6410;6413;6416;6419;6422;6425,124;136;141;143;168;170;171;175,8
PAP-H2,1666,26083102,172,6428;6431;6434;6437;6440;6443;6446,26;31;136;141;168;171;172;191,8
PAP-H2,1666,26083102,173,6449;6452;6455;6458;6461;6464;6467,18;133;137;142;169;171;172;174,8
PAP-H2,1666,26083102,174,6470;6473;6476;6479;6482;6485;6488,10;113;141;166;168;170;173;175,8
PAP-H2,1666,26083102,175,6491;6494;6497;6500;6503;6506;6509,12;24;27;30;31;59;169;172,8
PAP-H2,1666,26083102,176,6640;6643;6646;6649;6652;6655;6658,19;20;39;176;177;179;180;182,8
PAP-H2,1666,26083102,177,6661;6664;6667;6670;6673;6676;6679,34;39;66;149;176;181;185;190,8
PAP-H2,1666,26083102,178,6682;6685;6688;6691;6694;6697;6700,6;13;35;38;42;145;177;180,8
PAP-H2,1666,26083102,179,6703;6706;6709;6712;6715;6718;6721,132;144;149;151;176;178;179;183,8
PAP-H2,1666,26083102,180,6724;6727;6730;6733;6736;6739;6742,7;34;39;144;149;176;179;180,8
PAP-H2,1666,26083102,181,6745;6748;6751;6754;6757;6760;6763,42;145;150;157;177;179;180;182,8
PAP-H2,1666,26083102,182,6766;6769;6772;6775;6778;6781;6784,18;137;149;176;178;181;183;190,8
PAP-H2,1666,26083102,183,6787;6790;6793;6796;6799;6802;6805,20;32;35;38;39;67;177;180,8
PAP-H2,1666,26083102,184,6936;6939;6942;6945;6948;6951;6954,27;28;47;184;185;187;188;190,8
PAP-H2,1666,26083102,185,6957;6960;6963;6966;6969;6972;6975,42;47;74;157;177;182;184;189,8
PAP-H2,1666,26083102,186,6978;6981;6984;6987;6990;6993;6996,5;14;34;43;46;153;185;188,8
PAP-H2,1666,26083102,187,6999;7002;7005;7008;7011;7014;7017,140;152;157;159;184;186;187;191,8
PAP-H2,1666,26083102,188,7020;7023;7026;7029;7032;7035;7038,15;42;47;152;157;184;187;188,8
PAP-H2,1666,26083102,189,7041;7044;7047;7050;7053;7056;7059,34;149;153;158;185;187;188;190,8
PAP-H2,1666,26083102,190,7062;7065;7068;7071;7074;7077;7080,26;129;157;182;184;186;189;191,8
PAP-H2,1666,26083102,191,7083;7086;7089;7092;7095;7098;7101,28;40;43;46;47;75;185;188,8
PAP-H2,1666,26083103,0,128;131;134;137;140;143;146,0;1;3;4;6;35;36;55,8
PAP-H2,1666,26083103,1,149;152;155;158;161;164;167,0;5;9;14;50;55;82;165,8
PAP-H2,1666,26083103,2,170;173;176;179;182;185;188,1;4;22;29;51;54;58;161,8
PAP-H2,1666,26083103,3,191;194;197;200;203;206;209,0;2;3;7;148;160;165;167,8
PAP-H2,1666,26083103,4,212;215;218;221;224;227;230,0;3;4;23;50;55;160;165,8
PAP-H2,1666,26083103,5,233;236;239;242;245;248;251,1;3;4;6;58;161;166;173,8
PAP-H2,1666,26083103,6,254;257;260;263;266;269;272,0;2;5;7;14;34;153;165,8
PAP-H2,1666,26083103,7,275;278;281;284;287;290;293,1;4;36;48;51;54;55;83,8
PAP-H2,1666,26083103,8,424;427;430;433;436;439;442,8;9;11;12;14;43;44;63,8
PAP-H2,1666,26083103,9,445;448;451;454;457;460;463,1;6;8;13;58;63;90;173,8
PAP-H2,1666,26083103,10,466;469;472;475;478;481;484,9;12;21;30;50;59;62;169,8
PAP-H2,1666,26083103,11,487;490;493;496;499;502;505,8;10;11;15;156;168;173;175,8
PAP-H2,1666,26083103,12,508;511;514;517;520;523;526,8;11;12;31;58;63;168;173,8
PAP-H2,1666,26083103,13,529;532;535;538;541;544;547,9;11;12;14;50;165;169;174,8
PAP-H2,1666,26083103,14,550;553;556;559;562;565;568,6;8;10;13;15;42;145;173,8
PAP-H2,1666,26083103,15,571;574;577;580;583;586;589,9;12;44;56;59;62;63;91,8
PAP-H2,1666,26083103,16,720;723;726;729;732;735;738,16;17;19;20;22;51;52;71,8
PAP-H2,1666,26083103,17,741;744;747;750;753;756;759,16;21;25;30;66;71;98;181,8
PAP-H2,1666,26083103,18,762;765;768;771;774;777;780,17;20;38;45;67;70;74;177,8
PAP-H2,1666,26083103,19,783;786;789;792;795;798;801,16;18;19;23;164;176;181;183,8
PAP-H2,1666,26083103,20,804;807;810;813;816;819;822,16;19;20;39;66;71;176;181,8
PAP-H2,1666,26083103,21,825;828;831;834;837;840;843,17;19;20;22;74;177;182;189,8
PAP-H2,1666,26083103,22,846;849;852;855;858;861;864,16;18;21;23;30;50;169;181,8
PAP-H2,1666,26083103,23,867;870;873;876;879;882;885,17;20;52;64;67;70;71;99,8
PAP-H2,1666,26083103,24,1016;1019;1022;1025;1028;1031;1034,24;25;27;28;30;59;60;79,8
PAP-H2,1666,26083103,25,1037;1040;1043;1046;1049;1052;1055,17;22;24;29;74;79;106;189,8
PAP-H2,1666,26083103,26,1058;1061;1064;1067;1070;1073;1076,25;28;37;46;66;75;78;185,8
PAP-H2,1666,26083103,27,1079;1082;1085;1088;1091;1094;1097,24;26;27;31;172;184;189;191,8
PAP-H2,1666,26083103,28,1100;1103;1106;1109;1112;1115;1118,24;27;28;47;74;79;184;189,8
PAP-H2,1666,26083103,29,1121;1124;1127;1130;1133;1136;1139,25;27;28;30;66;181;185;190,8
PAP-H2,1666,26083103,30,1142;1145;1148;1151;1154;1157;1160,22;24;26;29;31;58;161;189,8
PAP-H2,1666,26083103,31,1163;1166;1169;1172;1175;1178;1181,25;28;60;72;75;78;79;107,8
PAP-H2,1666,26083103,32,1312;1315;1318;1321;1324;1327;1330,32;33;35;36;38;67;68;87,8
PAP-H2,1666,26083103,33,1333;1336;1339;1342;1345;1348;1351,5;32;37;41;46;82;87;114,8
PAP-H2,1666,26083103,34,1354;1357;1360;1363;1366;1369;1372,1;33;36;54;61;83;86;90,8
PAP-H2,1666,26083103,35,1375;1378;1381;1384;1387;1390;1393,0;5;7;32;34;35;39;180,8
PAP-H2,1666,26083103,36,1396;1399;1402;1405;1408;1411;1414,0;5;32;35;36;55;82;87,8
PAP-H2,1666,26083103,37,1417;1420;1423;1426;1429;1432;1435,1;6;13;33;35;36;38;90,8
PAP-H2,1666,26083103,38,1438;1441;1444;1447;1450;1453;1456,5;32;34;37;39;46;66;185,8
PAP-H2,1666,26083103,39,1459;1462;1465;1468;1471;1474;1477,33;36;68;80;83;86;87;115,8
PAP-H2,1666,26083103,40,1608;1611;1614;1617;1620;1623;1626,40;41;43;44;46;75;76;95,8
PAP-H2,1666,26083103,41,1629;1632;1635;1638;1641;1644;1647,13;33;38;40;45;90;95;122,8
PAP-H2,1666,26083103,42,1650;1653;1656;1659;1662;1665;1668,9;41;44;53;62;82;91;94,8
PAP-H2,1666,26083103,43,1671;1674;1677;1680;1683;1686;1689,8;13;15;40;42;43;47;188,8
PAP-H2,1666,26083103,44,1692;1695;1698;1701;1704;1707;1710,8;13;40;43;44;63;90;95,8
PAP-H2,1666,26083103,45,1713;1716;1719;1722;1725;1728;1731,5;9;14;41;43;44;46;82,8
PAP-H2,1666,26083103,46,1734;1737;1740;1743;1746;1749;1752,13;38;40;42;45;47;74;177,8
PAP-H2,1666,26083103,47,1755;1758;1761;1764;1767;1770;1773,41;44;76;88;91;94;95;123,8
PAP-H2,1666,26083103,48,1904;1907;1910;1913;1916;1919;1922,48;49;51;52;54;83;84;103,8
PAP-H2,1666,26083103,49,1925;1928;1931;1934;1937;1940;1943,21;48;53;57;62;98;103;130,8
PAP-H2,1666,26083103,50,1946;1949;1952;1955;1958;1961;1964,17;49;52;70;77;99;102;106,8
PAP-H2,1666,26083103,51,1967;1970;1973;1976;1979;1982;1985,4;16;21;23;48;50;51;55,8
PAP-H2,1666,26083103,52,1988;1991;1994;1997;2000;2003;2006,16;21;48;51;52;71;98;103,8
PAP-H2,1666,26083103,53,2009;2012;2015;2018;2021;2024;2027,17;22;29;49;51;52;54;106,8
PAP-H2,1666,26083103,54,2030;2033;2036;2039;2042;2045;2048,9;21;48;50;53;55;62;82,8
PAP-H2,1666,26083103,55,2051;2054;2057;2060;2063;2066;2069,49;52;84;96;99;102;103;131,8
PAP-H2,1666,26083103,56,2200;2203;2206;2209;2212;2215;2218,56;57;59;60;62;91;92;111,8
PAP-H2,1666,26083103,57,2221;2224;2227;2230;2233;2236;2239,29;49;54;56;61;106;111;138,8
PAP-H2,1666,26083103,58,2242;2245;2248;2251;2254;2257;2260,25;57;60;69;78;98;107;110,8
PAP-H2,1666,26083103,59,2263;2266;2269;2272;2275;2278;2281,12;24;29;31;56;58;59;63,8
PAP-H2,1666,26083103,60,2284;2287;2290;2293;2296;2299;2302,24;29;56;59;60;79;106;111,8
PAP-H2,1666,26083103,61,2305;2308;2311;2314;2317;2320;2323,21;25;30;57;59;60;62;98,8
PAP-H2,1666,26083103,62,2326;2329;2332;2335;2338;2341;2344,1;29;54;56;58;61;63;90,8
PAP-H2,1666,26083103,63,2347;2350;2353;2356;2359;2362;2365,57;60;92;104;107;110;111;139,8
PAP-H2,1666,26083103,64,2496;2499;2502;2505;2508;2511;2514,64;65;67;68;70;99;100;119,8
PAP-H2,1666,26083103,65,2517;2520;2523;2526;2529;2532;2535,37;64;69;73;78;114;119;146,8
PAP-H2,1666,26083103,66,2538;2541;2544;2547;2550;2553;2556,33;65;68;86;93;115;118;122,8
PAP-H2,1666,26083103,67,2559;2562;2565;2568;2571;2574;2577,20;32;37;39;64;66;67;71,8
PAP-H2,1666,26083103,68,2580;2583;2586;2589;2592;2595;2598,32;37;64;67;68;87;114;119,8
PAP-H2,1666,26083103,69,2601;2604;2607;2610;2613;2616;2619,33;38;45;65;67;68;70;122,8
PAP-H2,1666,26083103,70,2622;2625;2628;2631;2634;2637;2640,25;37;64;66;69;71;78;98,8
PAP-H2,1666,26083103,71,2643;2646;2649;2652;2655;2658;2661,65;68;100;112;115;118;119;147,8
PAP-H2,1666,26083103,72,2792;2795;2798;2801;2804;2807;2810,72;73;75;76;78;107;108;127,8
PAP-H2,1666,26083103,73,2813;2816;2819;2822;2825;2828;2831,45;65;70;72;77;122;127;154,8
PAP-H2,1666,26083103,74,2834;2837;2840;2843;2846;2849;2852,41;73;76;85;94;114;123;126,8
PAP-H2,1666,26083103,75,2855;2858;2861;2864;2867;2870;2873,28;40;45;47;72;74;75;79,8
PAP-H2,1666,26083103,76,2876;2879;2882;2885;2888;2891;2894,40;45;72;75;76;95;122;127,8
PAP-H2,1666,26083103,77,2897;2900;2903;2906;2909;2912;2915,37;41;46;73;75;76;78;114,8
PAP-H2,1666,26083103,78,2918;2921;2924;2927;2930;2933;2936,17;45;70;72;74;77;79;106,8
PAP-H2,1666,26083103,79,2939;2942;2945;2948;2951;2954;2957,73;76;108;120;123;126;127;155,8
PAP-H2,1666,26083103,80,3088;3091;3094;3097;3100;3103;3106,80;81;83;84;86;115;116;135,8
PAP-H2,1666,26083103,81,3109;3112;3115;3118;3121;3124;3127,53;80;85;89;94;130;135;162,8
PAP-H2,1666,26083103,82,3130;3133;3136;3139;3142;3145;3148,49;81;84;102;109;131;134;138,8
PAP-H2,1666,26083103,83,3151;3154;3157;3160;3163;3166;3169,36;48;53;55;80;82;83;87,8
PAP-H2,1666,26083103,84,3172;3175;3178;3181;3184;3187;3190,48;53;80;83;84;103;130;135,8
PAP-H2,1666,26083103,85,3193;3196;3199;3202;3205;3208;3211,49;54;61;81;83;84;86;138,8
PAP-H2,1666,26083103,86,3214;3217;3220;3223;3226;3229;3232,41;53;80;82;85;87;94;114,8
PAP-H2,1666,26083103,87,3235;3238;3241;3244;3247;3250;3253,81;84;116;128;131;134;135;163,8
PAP-H2,1666,26083103,88,3384;3387;3390;3393;3396;3399;3402,88;89;91;92;94;123;124;143,8
PAP-H2,1666,26083103,89,3405;3408;3411;3414;3417;3420;3423,61;81;86;88;93;138;143;170,8
PAP-H2,1666,26083103,90,3426;3429;3432;3435;3438;3441;3444,57;89;92;101;110;130;139;142,8
PAP-H2,1666,26083103,91,3447;3450;3453;3456;3459;3462;3465,44;56;61;63;88;90;91;95,8
PAP-H2,1666,26083103,92,3468;3471;3474;3477;3480;3483;3486,56;61;88;91;92;111;138;143,8
PAP-H2,1666,26083103,93,3489;3492;3495;3498;3501;3504;3507,53;57;62;89;91;92;94;130,8
PAP-H2,1666,26083103,94,3510;3513;3516;3519;3522;3525;3528,33;61;86;88;90;93;95;122,8
PAP-H2,1666,26083103,95,3531;3534;3537;3540;3543;3546;3549,89;92;124;136;139;142;143;171,8
PAP-H2,1666,26083103,96,3680;3683;3686;3689;3692;3695;3698,96;97;99;100;102;131;132;151,8
PAP-H2,1666,26083103,97,3701;3704;3707;3710;3713;3716;3719,69;96;101;105;110;146;151;178,8
PAP-H2,1666,26083103,98,3722;3725;3728;3731;3734;3737;3740,65;97;100;118;125;147;150;154,8
PAP-H2,1666,26083103,99,3743;3746;3749;3752;3755;3758;3761,52;64;69;71;96;98;99;103,8
PAP-H2,1666,26083103,100,3764;3767;3770;3773;3776;3779;3782,64;69;96;99;100;119;146;151,8
PAP-H2,1666,26083103,101,3785;3788;3791;3794;3797;3800;3803,65;70;77;97;99;100;102;154,8
PAP-H2,1666,26083103,102,3806;3809;3812;3815;3818;3821;3824,57;69;96;98;101;103;110;130,8
PAP-H2,1666,26083103,103,3827;3830;3833;3836;3839;3842;3845,97;100;132;144;147;150;151;179,8
PAP-H2,1666,26083103,104,3976;3979;3982;3985;3988;3991;3994,104;105;107;108;110;139;140;159,8
PAP-H2,1666,26083103,105,3997;4000;4003;4006;4009;4012;4015,77;97;102;104;109;154;159;186,8
PAP-H2,1666,26083103,106,4018;4021;4024;4027;4030;4033;4036,73;105;108;117;126;146;155;158,8
PAP-H2,1666,26083103,107,4039;4042;4045;4048;4051;4054;4057,60;72;77;79;104;106;107;111,8
PAP-H2,1666,26083103,108,4060;4063;4066;4069;4072;4075;4078,72;77;104;107;108;127;154;159,8
PAP-H2,1666,26083103,109,4081;4084;4087;4090;4093;4096;4099,69;73;78;105;107;108;110;146,8
PAP-H2,1666,26083103,110,4102;4105;4108;4111;4114;4117;4120,49;77;102;104;106;109;111;138,8
PAP-H2,1666,26083103,111,4123;4126;4129;4132;4135;4138;4141,105;108;140;152;155;158;159;187,8
PAP-H2,1666,26083103,112,4272;4275;4278;4281;4284;4287;4290,112;113;115;116;118;147;148;167,8
PAP-H2,1666,26083103,113,4293;4296;4299;4302;4305;4308;4311,2;85;112;117;121;126;162;167,8
PAP-H2,1666,26083103,114,4314;4317;4320;4323;4326;4329;4332,81;113;116;134;141;163;166;170,8
PAP-H2,1666,26083103,115,4335;4338;4341;4344;4347;4350;4353,68;80;85;87;112;114;115;119,8
PAP-H2,1666,26083103,116,4356;4359;4362;4365;4368;4371;4374,80;85;112;115;116;135;162;167,8
PAP-H2,1666,26083103,117,4377;4380;4383;4386;4389;4392;4395,81;86;93;113;115;116;118;170,8
PAP-H2,1666,26083103,118,4398;4401;4404;4407;4410;4413;4416,73;85;112;114;117;119;126;146,8
PAP-H2,1666,26083103,119,4419;4422;4425;4428;4431;4434;4437,3;113;116;148;160;163;166;167,8
PAP-H2,1666,26083103,120,4568;4571;4574;4577;4580;4583;4586,120;121;123;124;126;155;156;175,8
PAP-H2,1666,26083103,121,4589;4592;4595;4598;4601;4604;4607,10;93;113;118;120;125;170;175,8
PAP-H2,1666,26083103,122,4610;4613;4616;4619;4622;4625;4628,89;121;124;133;142;162;171;174,8
PAP-H2,1666,26083103,123,4631;4634;4637;4640;4643;4646;4649,76;88;93;95;120;122;123;127,8
PAP-H2,1666,26083103,124,4652;4655;4658;4661;4664;4667;4670,88;93;120;123;124;143;170;175,8
PAP-H2,1666,26083103,125,4673;4676;4679;4682;4685;4688;4691,85;89;94;121;123;124;126;162,8
PAP-H2,1666,26083103,126,4694;4697;4700;4703;4706;4709;4712,65;93;118;120;122;125;127;154,8
PAP-H2,1666,26083103,127,4715;4718;4721;4724;4727;4730;4733,11;121;124;156;168;171;174;175,8
PAP-H2,1666,26083103,128,4864;4867;4870;4873;4876;4879;4882,128;129;131;132;134;163;164;183,8
PAP-H2,1666,26083103,129,4885;4888;4891;4894;4897;4900;4903,18;101;128;133;137;142;178;183,8
PAP-H2,1666,26083103,130,4906;4909;4912;4915;4918;4921;4924,97;129;132;150;157;179;182;186,8
PAP-H2,1666,26083103,131,4927;4930;4933;4936;4939;4942;4945,84;96;101;103;128;130;131;135,8
PAP-H2,1666,26083103,132,4948;4951;4954;4957;4960;4963;4966,96;101;128;131;132;151;178;183,8
PAP-H2,1666,26083103,133,4969;4972;4975;4978;4981;4984;4987,97;102;109;129;131;132;134;186,8
PAP-H2,1666,26083103,134,4990;4993;4996;4999;5002;5005;5008,89;101;128;130;133;135;142;162,8
PAP-H2,1666,26083103,135,5011;5014;5017;5020;5023;5026;5029,19;129;132;164;176;179;182;183,8
PAP-H2,1666,26083103,136,5160;5163;5166;5169;5172;5175;5178,136;137;139;140;142;171;172;191,8
PAP-H2,1666,26083103,137,5181;5184;5187;5190;5193;5196;5199,26;109;129;134;136;141;186;191,8
PAP-H2,1666,26083103,138,5202;5205;5208;5211;5214;5217;5220,105;137;140;149;158;178;187;190,8
PAP-H2,1666,26083103,139,5223;5226;5229;5232;5235;5238;5241,92;104;109;111;136;138;139;143,8
PAP-H2,1666,26083103,140,5244;5247;5250;5253;5256;5259;5262,104;109;136;139;140;159;186;191,8
PAP-H2,1666,26083103,141,5265;5268;5271;5274;5277;5280;5283,101;105;110;137;139;140;142;178,8
PAP-H2,1666,26083103,142,5286;5289;5292;5295;5298;5301;5304,81;109;134;136;138;141;143;170,8
PAP-H2,1666,26083103,143,5307;5310;5313;5316;5319;5322;5325,27;137;140;172;184;187;190;191,8
PAP-H2,1666,26083103,144,5456;5459;5462;5465;5468;5471;5474,7;144;145;147;148;150;179;180,8
PAP-H2,1666,26083103,145,5477;5480;5483;5486;5489;5492;5495,2;7;34;117;144;149;153;158,8
PAP-H2,1666,26083103,146,5498;5501;5504;5507;5510;5513;5516,3;6;10;113;145;148;166;173,8
PAP-H2,1666,26083103,147,5519;5522;5525;5528;5531;5534;5537,100;112;117;119;144;146;147;151,8
PAP-H2,1666,26083103,148,5540;5543;5546;5549;5552;5555;5558,2;7;112;117;144;147;148;167,8
PAP-H2,1666,26083103,149,5561;5564;5567;5570;5573;5576;5579,10;113;118;125;145;147;148;150,8
PAP-H2,1666,26083103,150,5582;5585;5588;5591;5594;5597;5600,105;117;144;146;149;151;158;178,8
PAP-H2,1666,26083103,151,5603;5606;5609;5612;5615;5618;5621,0;3;6;7;35;145;148;180,8
PAP-H2,1666,26083103,152,5752;5755;5758;5761;5764;5767;5770,15;152;153;155;156;158;187;188,8
PAP-H2,1666,26083103,153,5773;5776;5779;5782;5785;5788;5791,10;15;42;125;145;150;152;157,8
PAP-H2,1666,26083103,154,5794;5797;5800;5803;5806;5809;5812,2;11;14;121;153;156;165;174,8
PAP-H2,1666,26083103,155,5815;5818;5821;5824;5827;5830;5833,108;120;125;127;152;154;155;159,8
PAP-H2,1666,26083103,156,5836;5839;5842;5845;5848;5851;5854,10;15;120;125;152;155;156;175,8
PAP-H2,1666,26083103,157,5857;5860;5863;5866;5869;5872;5875,2;117;121;126;153;155;156;158,8
PAP-H2,1666,26083103,158,5878;5881;5884;5887;5890;5893;5896,97;125;150;152;154;157;159;186,8
PAP-H2,1666,26083103,159,5899;5902;5905;5908;5911;5914;5917,8;11;14;15;43;153;156;188,8
PAP-H2,1666,26083103,160,6048;6051;6054;6057;6060;6063;6066,3;4;23;160;161;163;164;166,8
PAP-H2,1666,26083103,161,6069;6072;6075;6078;6081;6084;6087,18;23;50;133;160;165;169;174,8
PAP-H2,1666,26083103,162,6090;6093;6096;6099;6102;6105;6108,19;22;26;129;161;164;182;189,8
PAP-H2,1666,26083103,163,6111;6114;6117;6120;6123;6126;6129,116;128;133;135;160;162;163;167,8
PAP-H2,1666,26083103,164,6132;6135;6138;6141;6144;6147;6150,18;23;128;133;160;163;164;183,8
PAP-H2,1666,26083103,165,6153;6156;6159;6162;6165;6168;6171,26;129;134;141;161;163;164;166,8
PAP-H2,1666,26083103,166,6174;6177;6180;6183;6186;6189;6192,2;121;133;160;162;165;167;174,8
PAP-H2,1666,26083103,167,6195;6198;6201;6204;6207;6210;6213,4;16;19;22;23;51;161;164,8
PAP-H2,1666,26083103,168,6344;6347;6350;6353;6356;6359;6362,11;12;31;168;169;171;172;174,8
PAP-H2,1666,26083103,169,6365;6368;6371;6374;6377;6380;6383,26;31;58;141;161;166;168;173,8
PAP-H2,1666,26083103,170,6386;6389;6392;6395;6398;6401;6404,18;27;30;137;169;172;181;190,8
PAP-H2,1666,26083103,171,6407;6410;6413;6416;6419;6422;6425,124;136;141;143;168;170;171;175,8
PAP-H2,1666,26083103,172,6428;6431;6434;6437;6440;6443;6446,26;31;136;141;168;171;172;191,8
PAP-H2,1666,26083103,173,6449;6452;6455;6458;6461;6464;6467,18;133;137;142;169;171;172;174,8
PAP-H2,1666,26083103,174,6470;6473;6476;6479;6482;6485;6488,10;113;141;166;168;170;173;175,8
PAP-H2,1666,26083103,175,6491;6494;6497;6500;6503;6506;6509,12;24;27;30;31;59;169;172,8
PAP-H2,1666,26083103,176,6640;6643;6646;6649;6652;6655;6658,19;20;39;176;177;179;180;182,8
PAP-H2,1666,26083103,177,6661;6664;6667;6670;6673;6676;6679,34;39;66;149;176;181;185;190,8
PAP-H2,1666,26083103,178,6682;6685;6688;6691;6694;6697;6700,6;13;35;38;42;145;177;180,8
PAP-H2,1666,26083103,179,6703;6706;6709;6712;6715;6718;6721,132;144;149;151;176;178;179;183,8
PAP-H2,1666,26083103,180,6724;6727;6730;6733;6736;6739;6742,7;34;39;144;149;176;179;180,8
PAP-H2,1666,26083103,181,6745;6748;6751;6754;6757;6760;6763,42;145;150;157;177;179;180;182,8
PAP-H2,1666,26083103,182,6766;6769;6772;6775;6778;6781;6784,18;137;149;176;178;181;183;190,8
PAP-H2,1666,26083103,183,6787;6790;6793;6796;6799;6802;6805,20;32;35;38;39;67;177;180,8
PAP-H2,1666,26083103,184,6936;6939;6942;6945;6948;6951;6954,27;28;47;184;185;187;188;190,8
PAP-H2,1666,26083103,185,6957;6960;6963;6966;6969;6972;6975,42;47;74;157;177;182;184;189,8
PAP-H2,1666,26083103,186,6978;6981;6984;6987;6990;6993;6996,5;14;34;43;46;153;185;188,8
PAP-H2,1666,26083103,187,6999;7002;7005;7008;7011;7014;7017,140;152;157;159;184;186;187;191,8
PAP-H2,1666,26083103,188,7020;7023;7026;7029;7032;7035;7038,15;42;47;152;157;184;187;188,8
PAP-H2,1666,26083103,189,7041;7044;7047;7050;7053;7056;7059,34;149;153;158;185;187;188;190,8
PAP-H2,1666,26083103,190,7062;7065;7068;7071;7074;7077;7080,26;129;157;182;184;186;189;191,8
PAP-H2,1666,26083103,191,7083;7086;7089;7092;7095;7098;7101,28;40;43;46;47;75;185;188,8
